series,state_index,r_angstrom,evaluation_solver,excitation_h,excitation_ev,oscillator_strength
FCI,1,0.7393939393939394,tda,0.5123637117531821,13.9421268589439,0.522198288707216
FCI,2,0.7393939393939394,tda,0.7854627271647319,21.373529650706608,8.936558777517764e-32
FCI,3,0.7393939393939394,tda,1.0836295003229794,29.48706088083557,6.2323739283158624e-30
Neural TDA,1,0.7393939393939394,tda,0.5235109437238235,14.245458493670647,0.6048884877813867
Neural TDA,2,0.7393939393939394,tda,0.8164623891484989,22.217073426441964,1.9678085218874974e-16
Neural TDA,3,0.7393939393939394,tda,1.231305169566209,33.50552055574786,0.2531633871531672
