r_angstrom,fci_energy_h,exact_energy_h,fci_s1_h,exact_s1_h,fci_electron_count,exact_electron_count,reference_backend,reference_converged,reference_excited_method
0.4,-0.9447078038175807,-0.9447078038175807,0.6497962773917347,0.6497962773917347,1.9999919778552564,1.9999919778552564,jax_rks,1,fci
1.7999999999999998,-1.0301315607268062,-1.0301315607268062,0.32806444236602195,0.32806444236602195,2.000026864098146,2.000026864098146,jax_rks,1,fci
3.1999999999999997,-0.9990884324611488,-0.9990884324611488,0.36442486891653003,0.36442486891653003,2.0001383199137814,2.0001383199137814,jax_rks,1,fci
4.6,-0.9985658709087747,-0.9985658709087747,0.41459570391522804,0.41459570391522804,2.0000256859992662,2.0000256859992662,jax_rks,1,fci
6.0,-0.9985570220141076,-0.9985570220141076,0.44161291280728954,0.44161291280728954,1.9999629726906316,1.9999629726906316,jax_rks,1,fci
