idx,r_angstrom,predicted_energy_h,dim,nocc,nvir,search_nroots,davidson_converged,davidson_max_residual,matrix_antisym_fro,matrix_antisym_max_abs,matrix_fro,diag_min_h,diag_max_h,exact_s1_h,davidson_s1_h,residuals,davidson_eigvals_h,exact_sym_eigvals_h
1,0.4,-0.9197484618371263,9,1,9,4,1,2.6978533658567975e-09,2.163785042629284e-15,9.43689570931383e-16,9.08234364406366,0.6866109014141522,7.323793746555073,0.6497893268683158,0.6497893268683165,1.83275715e-10 2.69785337e-09 2.38498326e-09 2.19743111e-09,6.497893268683e-01 7.949587160250e-01 1.692959758569e+00 1.815775417607e+00,6.497893268683e-01 7.949587160250e-01 1.692959758569e+00 1.815775417607e+00 1.815775427607e+00 2.581575745499e+00 2.671677386993e+00 2.671677396993e+00
2,0.45656565656565656,-0.9997241962676637,9,1,9,4,0,0.0002371833545042845,0.0003557663027086653,0.00024748126259743763,8.49687706919454,0.6545775678740693,6.6751910649171275,0.6228428307518415,0.6228427223755941,2.76836794e-05 2.51319033e-09 2.37183355e-04 1.84545273e-09,6.228427223756e-01 7.872878302513e-01 1.598603567755e+00 1.779328733862e+00,6.228428307518e-01 7.872878302513e-01 1.598607283484e+00 1.779328733862e+00 1.779328743862e+00 2.527613875125e+00 2.608531908185e+00 2.608531918185e+00
