component,fro,anti_fro,anti_max_abs,sym_min_eig,sym_max_eig
delta_eps,8.694341122159397,0.0,0.0,0.65457756787407,6.675191064917124
ao_mo,0.32108335047659087,2.988680774572777e-15,1.3704315460216776e-15,-0.060785381689968644,0.20434377279796415
grid_xc,0.3030075611498991,0.0003557663027106233,0.00024748126259893297,-0.15425869727035804,-0.007263787846789256
nonlocal,0.0,0.0,0.0,0.0,0.0
full,8.496877069194536,0.00035576630270974023,0.00024748126259804826,0.6228428307518422,6.504143942384449
sum_components,8.496877069194536,0.00035576630270974023,0.00024748126259804826,0.6228428307518422,6.504143942384449
full_minus_sum,0.0,0.0,0.0,0.0,0.0
