series,state_index,r_angstrom,evaluation_solver,excitation_h,excitation_ev,oscillator_strength
FCI,1,0.7393939393939394,tda,0.5123637117531821,13.9421268589439,0.522198288707216
FCI,2,0.7393939393939394,tda,0.7854627271647319,21.373529650706608,8.936558777517764e-32
FCI,3,0.7393939393939394,tda,1.0836295003229794,29.48706088083557,6.2323739283158624e-30
Neural TDA,1,0.7393939393939394,tda,0.48459837032781916,13.186593429166617,0.6034734873834405
Neural TDA,2,0.7393939393939394,tda,0.7851769308995239,21.365752738146373,3.007823711367343e-16
Neural TDA,3,0.7393939393939394,tda,1.1848722640432867,32.24201682904015,0.2252813188363037
