system,split,basis,cart,charge,spin,unit,atom,reference_ground_method,reference_excited_method,rhf_energy_h,ccsd_total_energy_h,s1_excitation_h,s1_excitation_ev,singlet_excitation_energies_h_json,singlet_excitation_energies_ev_json,nroots_requested,scf_elapsed_s,ccsd_elapsed_s,eom_elapsed_s,notes
qh9_765_CN2O3,train,def2-svp,True,0,0,Angstrom,"O  0.002495793800 -0.034815344200  0.002885567200
C -0.013512517000  1.146005333200  0.009374293300
O -1.116213158800  1.964537979200  0.027955163900
N -0.660848911700  3.276422076100  0.029229377200
N  0.575833009100  3.293273244200  0.013064761800
O  1.066593634600  1.994281791500 -0.000018393500",RHF/CCSD,EOM-EE-CCSD singlet,-370.93631356999316,-371.9756833125904,0.24033337791299922,6.539804374193623,"[0.24033337791299922, 0.26544397419151555, 0.2747864416039999]","[6.539804374193623, 7.2230985083954, 7.477319997647068]",3,5.21149411983788,408.43157597631216,256.7842983053997,db_id=765; formula=CN2O3; natoms=6
