run,label,include_pt2_channel,response_pt2_mode,final_loss,min_loss,min_loss_step,ground_mae_ev,ground_max_ev,s1_gap_mae_ev,s1_gap_max_ev,equilibrium_s1_abs_err_ev
diatomic_excited_h2_s1only_nopt2_lr1e4_decay400_20260601_1918,H2 S1-only no PT2,false,none,0.0004843993886318902,1.2690007906907182e-05,1863,1.0827132071538872,1.5948818086357923,0.059150713289932405,0.3644865892879651,0.3407362893420245
diatomic_excited_h2_s1only_strictpt2_lr1e4_decay400_20260601_1918,H2 S1-only strict PT2,true,strict,1.0164890263524273e-05,3.890597839185242e-06,1734,1.3176537079994677,2.0840106640937415,0.10150413014050462,1.3122537590136447,0.3033316347267546
