series,state_index,r_angstrom,evaluation_solver,excitation_h,excitation_ev,oscillator_strength
FCI,1,0.7393939393939394,tda,0.5123637117531821,13.9421268589439,0.522198288707216
FCI,2,0.7393939393939394,tda,0.7854627271647319,21.373529650706608,8.936558777517764e-32
FCI,3,0.7393939393939394,tda,1.0836295003229794,29.48706088083557,6.2323739283158624e-30
Neural TDA,1,0.7393939393939394,tda,0.5248855394271491,14.282863148285916,0.5734572960469081
Neural TDA,2,0.7393939393939394,tda,0.8584419426965376,23.359395272471783,5.555315116142266e-16
Neural TDA,3,0.7393939393939394,tda,1.3547600015888608,36.8648976738498,0.3639772374577373
