r_angstrom,fci_energy_h,exact_energy_h,fci_s1_h,exact_s1_h,fci_electron_count,exact_electron_count,reference_backend,reference_converged,reference_excited_method
0.4,-0.9447078038175802,-0.9447078038175802,0.6497962773917341,0.6497962773917341,1.999991977855257,1.999991977855257,jax_rks,1,fci
1.7999999999999998,-1.0301315607268062,-1.0301315607268062,0.3280644423660193,0.3280644423660193,2.000026864098145,2.000026864098145,jax_rks,1,fci
3.1999999999999997,-0.9990884324611483,-0.9990884324611483,0.3644248689165377,0.3644248689165377,2.000138319913781,2.000138319913781,jax_rks,1,fci
4.6,-0.9985658709087745,-0.9985658709087745,0.4145957039152244,0.4145957039152244,2.0000256859992662,2.0000256859992662,jax_rks,1,fci
6.0,-0.9985570220141076,-0.9985570220141076,0.44161291280728954,0.44161291280728954,1.9999629726906316,1.9999629726906316,jax_rks,1,fci
