r_angstrom,fci_energy_h,exact_energy_h,fci_s1_h,exact_s1_h,fci_electron_count,exact_electron_count,reference_backend,reference_converged,reference_excited_method,reference_label
0.4,-0.9719065797602906,-0.9719065797602906,0.631414726997654,0.631414726997654,2.0000000515859497,2.0000000515859497,pyscf,1,fci,FCI
1.8,-1.031454227515348,-1.031454227515348,0.32167928562920767,0.32167928562920767,1.9999975240827859,1.9999975240827859,pyscf,1,fci,FCI
3.2,-1.0001498604247208,-1.0001498604247208,0.34681243701504705,0.34681243701504705,1.9999950980300802,1.9999950980300802,pyscf,1,fci,FCI
4.6,-0.9996277057387027,-0.9996277057387027,0.39604207419729964,0.39604207419729964,1.9999987240041026,1.9999987240041026,pyscf,1,fci,FCI
6.0,-0.9996199663729217,-0.9996199663729217,0.42365809172145386,0.42365809172145386,2.0000109448273586,2.0000109448273586,pyscf,1,fci,FCI
