system,split,formula,qm9_db_id,qm9_mol_id,basis,charge,spin,unit,atom,reference_ground_method,reference_excited_method,qsgw_bse_s1_ev,qsgw_bse_s1_h,qsgw_bse_singlet_energies_ev_json,qsgw_bse_singlet_energies_h_json,qsgw_bse_triplet_energies_ev_json,qsgw_bse_oscillator_strengths_json,qsgw_bse_transition_dipoles_raw_json,nroots_available,source_xyz_path,source_eexc_ss_path,source_eexc_st_path,source_osc_path,source_tdm_path,eomccsd_augccpvtz_s1_ev,eomccsd_augccpvtz_singlet_energies_ev_json,notes
qm9randdiv60_32346_C7H2N2,candidate,C7H2N2,32346,33388,def2-tzvp,0,0,Angstrom,"C -0.003898008700 -1.214157469400 -0.004415201500
C -0.003923817300 -0.016305953600  0.002014846300
C -0.003470720200  1.457861612800  0.009917786900
C  1.372355412900  1.987233048400 -0.000376190200
C  2.490455591900  2.416965747200 -0.008740904200
C -0.733715993100  1.958027521100 -1.187241722800
N -1.291006477100  2.339900554200 -2.122208712600
C -0.710673385900  1.945084359100  1.226098864700
N -1.249968288300  2.316853196100  2.175578719000
H -0.003700555600 -2.277442848600 -0.010125606800
H  3.483033151200  2.798203692700 -0.016157448700",QM9 qsGW input / source EOM CSV retained separately,QM9 qsGW-BSE singlet-singlet,6.80203883,0.24997031641498532,"[6.80203883, 6.86412517, 7.16944253, 7.20561926, 7.29476735]","[0.24997031641498532, 0.2522519473263526, 0.26347215335481305, 0.2648016236608447, 0.268077755541599]","[5.2028722, 5.22858235, 6.04315642, 6.06164385, 6.08424972]","[0.0, 2.66e-05, 0.00293155, 0.0, 0.00685383]","[""-0.00009366"", ""-0.00026688"", ""0.00003876"", ""-0.00016882"", ""0.00108726"", ""-0.03194878"", ""-0.18576326"", ""-0.27077073"", ""-0.00000244"", ""-0.00030183"", ""-0.00011913"", ""-0.00001403"", ""0.00183588"", ""0.00102984"", ""-0.49774926""]",5,QM9_xyz_files/mol_33388.xyz,E_exc_SS/mol_33388.dat,E_exc_ST/mol_33388.dat,osc_stren/mol_33388.dat,trans_dip_mom/mol_33388.dat,7.474779366394105,"[7.474779366394105, 7.558681482829756, 7.784667652981895]",geometry_matched_to_qm9_mol_33388; qm9_source=qm9randdiv60_32346_C7H2N2; generated=2026-07-15
qm9randdiv60_28_C4H6,candidate,C4H6,28,29,def2-tzvp,0,0,Angstrom,"C -0.017879590000  1.466768929500  0.010111804100
C  0.001866436400  0.010729132200  0.002111088700
C  0.018197037300 -1.192728606100 -0.004507229900
C  0.037951701400 -2.648767925200 -0.012511925100
H  0.864603117600  1.875899791600  0.514797188000
H -0.032176236200  1.872105808600 -1.007910017800
H -0.902331145700  1.851855235400  0.530039532100
H -0.834770113100 -3.063390065900  0.504514363700
H  0.032764219400 -3.043155644400 -1.034912234100
H  0.932134863000 -3.039316415700  0.486266060300",QM9 qsGW input / source EOM CSV retained separately,QM9 qsGW-BSE singlet-singlet,7.17760785,0.26377222333016037,"[7.17760785, 7.19610181, 7.19614181, 7.56861036, 7.56865444]","[0.26377222333016037, 0.26445186382450403, 0.26445333379739105, 0.2781413005416401, 0.27814292045176164]","[6.45352828, 6.45354787, 6.95489315, 6.95492173, 8.01076949]","[3.6e-07, 0.00963956, 0.00960283, 7e-08, 1e-08]","[""-0.00114986"", ""-0.00321498"", ""-0.00124866"", ""0.19201949"", ""0.00096993"", ""0.56246354"", ""-0.56163498"", ""-0.00610370"", ""0.19083720"", ""0.00053316"", ""0.00075421"", ""-0.00119249"", ""-0.00008746"", ""0.00048321"", ""-0.00013232""]",5,QM9_xyz_files/mol_29.xyz,E_exc_SS/mol_29.dat,E_exc_ST/mol_29.dat,osc_stren/mol_29.dat,trans_dip_mom/mol_29.dat,7.578528927516191,"[7.578528927516191, 7.911962175210423, 7.911962261473075]",geometry_matched_to_qm9_mol_29; qm9_source=qm9randdiv60_28_C4H6; generated=2026-07-15
qm9randdiv60_10015_C4H6N2O2,candidate,C4H6N2O2,10015,10295,def2-tzvp,0,0,Angstrom,"N  0.661965317300  0.543487831200 -2.993082204100
H  0.601746690400 -0.455177213200 -3.173730993100
H  1.615704817400  0.812106228200 -3.220706694300
H  0.072978231100  0.988986739800 -3.691853774100
C -0.280991052000  1.395114822700  0.229435639200
C  0.475529485700  0.969276346600  1.244214965600
C  0.187772428400  1.254298152700  2.611288892900
N -0.026131076300  1.473207483100  3.727876890600
C -0.648943364200  2.075450424000  6.573657321500
O  0.293082434900  1.493274064400  6.928409294000
O -1.599850750900  2.666130616100  6.258617558600
H -1.169357843500  1.991448625600  0.409403043600
H -0.023370595500  1.153479131200 -0.800163098200
H  1.365736137300  0.372048917700  1.069187907800",QM9 qsGW input / source EOM CSV retained separately,QM9 qsGW-BSE singlet-singlet,6.63218418,0.24372827315910223,"[6.63218418, 6.97281268, 7.2303615, 7.5492236, 8.02625931]","[0.24372827315910223, 0.2562461396478123, 0.2657108842099521, 0.277428850252458, 0.2949595892485403]","[3.52898334, 6.26293827, 6.43559651, 6.70332376, 7.06842837]","[0.44362351, 5.637e-05, 0.08306528, 0.00878516, 0.0043862]","[""-1.00854647"", ""0.37472445"", ""-4.05968703"", ""0.02441123"", ""0.03788921"", ""-0.01002173"", ""0.58304156"", ""-0.50478131"", ""-1.56036174"", ""0.30161101"", ""0.46304240"", ""-0.03863335"", ""-0.20663221"", ""-0.31746504"", ""0.02500656""]",5,QM9_xyz_files/mol_10295.xyz,E_exc_SS/mol_10295.dat,E_exc_ST/mol_10295.dat,osc_stren/mol_10295.dat,trans_dip_mom/mol_10295.dat,7.4341345140496635,"[7.4341345140496635, 7.525582353916696, 7.7712146914798215]",geometry_matched_to_qm9_mol_10295; qm9_source=qm9randdiv60_10015_C4H6N2O2; generated=2026-07-15
qm9randdiv60_15_C3H6,candidate,C3H6,15,16,def2-tzvp,0,0,Angstrom,"C -0.011932797400  1.514331979800  0.010316996000
C  1.302991177200  0.778865620400 -0.006178423100
C  0.008671741400  0.007670422100  0.002010324700
H -0.305414643500  2.017021172300  0.925332389300
H -0.322754982800  2.026801564500 -0.893478386500
H  1.884933960900  0.791450198300 -0.921193934600
H  1.902266305900  0.781653907900  0.897663731700
H -0.270880431900 -0.512891247400  0.911374737400
H -0.288219829600 -0.503104088000 -0.907408244900",QM9 qsGW input / source EOM CSV retained separately,QM9 qsGW-BSE singlet-singlet,8.48136671,0.311684477715665,"[8.48136671, 8.48261544, 9.09563386, 9.09686572, 9.32112983]","[0.311684477715665, 0.31173036769674545, 0.3342583791129364, 0.33430364913295174, 0.34254520316377823]","[8.23223654, 8.2333786, 8.83562022, 8.8368012, 9.01922098]","[0.0002276, 0.00024553, 4.2e-07, 3e-07, 7.208e-05]","[""-0.07599276"", ""0.03606606"", ""0.00094708"", ""0.03585065"", ""0.07967097"", ""0.00005465"", ""-0.00138375"", ""-0.00318074"", ""0.00027789"", ""-0.00194126"", ""-0.00221193"", ""-0.00013842"", ""-0.02716862"", ""-0.03607074"", ""-0.00002445""]",5,QM9_xyz_files/mol_16.xyz,E_exc_SS/mol_16.dat,E_exc_ST/mol_16.dat,osc_stren/mol_16.dat,trans_dip_mom/mol_16.dat,9.57535369158488,"[9.57535369158488, 9.576237623149472, 9.720992362315]",geometry_matched_to_qm9_mol_16; qm9_source=qm9randdiv60_15_C3H6; generated=2026-07-15
qm9randdiv60_311_C5H2O,candidate,C5H2O,311,321,def2-tzvp,0,0,Angstrom,"O  0.003081973900 -0.076591237700  0.002841309700
C -0.013417243500  1.137447736400  0.006685740900
C  1.194834260800  1.936107943800  0.000449728400
C  2.203004969400  2.593233996900 -0.004773458900
C -1.242929184900  1.902919814300  0.017701993400
C -2.268580231400  2.532369006800  0.026861181900
H  3.097353429700  3.167957492900 -0.009394985200
H -3.178146533900  3.082652346600  0.034922729800",QM9 qsGW input / source EOM CSV retained separately,QM9 qsGW-BSE singlet-singlet,4.06276297,0.14930378530785093,"[4.06276297, 4.92172809, 5.4556095, 5.79268501, 6.03041251]","[0.14930378530785093, 0.1808701712403811, 0.20048995118006402, 0.21287724769457725, 0.22161357218209027]","[3.43418698, 3.74261133, 4.225876, 4.53413762, 5.02596817]","[0.0, 0.0, 3.582e-05, 0.13464763, 0.10503217]","[""-0.00001332"", ""-0.00001299"", ""0.00001807"", ""-0.00005106"", ""-0.00003279"", ""0.00002717"", ""-0.00030127"", ""0.00023397"", ""-0.04160730"", ""-2.47547083"", ""-0.03534481"", ""0.01755392"", ""0.03079173"", ""-2.14286267"", ""-0.00664637""]",5,QM9_xyz_files/mol_321.xyz,E_exc_SS/mol_321.dat,E_exc_ST/mol_321.dat,osc_stren/mol_321.dat,trans_dip_mom/mol_321.dat,3.914094185549222,"[3.914094185549222, 5.752063814353803, 6.234359728492048]",geometry_matched_to_qm9_mol_321; qm9_source=qm9randdiv60_311_C5H2O; generated=2026-07-15
qm9randdiv60_816_C2H3F3O,candidate,C2H3F3O,816,830,def2-tzvp,0,0,Angstrom,"O -0.052395890300  1.435960750200  0.009899728100
C  0.024677403200  0.031690660700  0.001712155200
C -1.396609463000 -0.507635139300  0.012626499400
F -2.087956646600 -0.107716829300 -1.058575260700
F -1.361656117100 -1.850665827100  0.004775766300
F -2.066794010700 -0.119817544100  1.101580505300
H  0.841602852800  1.789182629100  0.005489466300
H  0.515617341700 -0.367260590700 -0.897260056200
H  0.532840530100 -0.376743939400  0.886728136400",QM9 qsGW input / source EOM CSV retained separately,QM9 qsGW-BSE singlet-singlet,7.89337652,0.29007623678723043,"[7.89337652, 9.91165394, 9.99453796, 10.6995818, 11.07976179]","[0.29007623678723043, 0.3642465639346602, 0.3672924954888536, 0.3932023787129746, 0.4071737356502218]","[7.42952637, 9.37006246, 9.40479046, 10.06212891, 10.6088228]","[0.00447366, 0.05492214, 0.00214639, 0.06329636, 0.0002324]","[""0.00185210"", ""-0.00263140"", ""0.38657921"", ""0.00945724"", ""-0.00498279"", ""1.20875215"", ""0.23724042"", ""-0.01864438"", ""-0.00031116"", ""-0.70203929"", ""1.03290933"", ""0.01481537"", ""0.00008192"", ""0.00351920"", ""-0.07428767""]",5,QM9_xyz_files/mol_830.xyz,E_exc_SS/mol_830.dat,E_exc_ST/mol_830.dat,osc_stren/mol_830.dat,trans_dip_mom/mol_830.dat,8.14359198722157,"[8.14359198722157, 10.398049995292979, 10.433898282190393]",geometry_matched_to_qm9_mol_830; qm9_source=qm9randdiv60_816_C2H3F3O; generated=2026-07-15
qm9randdiv60_339_C4H4O2,candidate,C4H4O2,339,349,def2-tzvp,0,0,Angstrom,"C -0.031529016200  1.383858979000  0.036928661700
O  0.015967273100 -0.049711952000 -0.022699192800
C  0.636001022100 -0.550500172900 -1.104799714900
O  1.129220368700  0.111796699100 -1.983254676300
C  0.633272945400 -1.997161713500 -1.075967102500
C  0.661507149200 -3.197743904400 -1.105796810100
H  0.978351316700  1.801018802200  0.052180318700
H -0.566584704900  1.786394150400 -0.826662385700
H -0.559069358500  1.620349273400  0.960382124100
H  0.686191414400 -4.260020061400 -1.131603942300",QM9 qsGW input / source EOM CSV retained separately,QM9 qsGW-BSE singlet-singlet,5.35922836,0.19694800961454714,"[5.35922836, 6.12596915, 6.53883166, 7.45268708, 7.71192383]","[0.19694800961454714, 0.22512521393147336, 0.2402976313257129, 0.27388119857726145, 0.2834079734227812]","[4.54071298, 4.8332388, 5.58032153, 5.63635034, 5.91170032]","[2.796e-05, 0.00015921, 0.0865064, 0.0001388, 0.10515497]","[""-0.03226256"", ""-0.00025163"", ""-0.01829754"", ""0.07193521"", ""0.00078464"", ""0.04096452"", ""-0.03560468"", ""-1.86511448"", ""0.09334611"", ""-0.06077747"", ""-0.00101479"", ""-0.03487589"", ""-0.86982965"", ""0.73241026"", ""1.51743052""]",5,QM9_xyz_files/mol_349.xyz,E_exc_SS/mol_349.dat,E_exc_ST/mol_349.dat,osc_stren/mol_349.dat,trans_dip_mom/mol_349.dat,5.462798395144049,"[5.462798395144049, 6.76119275138439, 7.217926096174383]",geometry_matched_to_qm9_mol_349; qm9_source=qm9randdiv60_339_C4H4O2; generated=2026-07-15
qm9randdiv60_19974_C5H3N3,candidate,C5H3N3,19974,20306,def2-tzvp,0,0,Angstrom,"C  0.014800618800 -1.181064601800 -0.003742282200
C  0.025049515900  0.021686755400  0.002490429900
C -0.011907834000  1.444277462400  0.010598276200
C -1.233341032400  2.141931567000  0.030634578900
N -1.261895718900  3.463160138500  0.038062640800
C -0.058233122000  4.047622257100  0.025098536400
N  1.126261595100  3.435926256800  0.006005668100
N  1.155483206000  2.111058992000 -0.001448769900
H  0.022812152800 -2.243633222400 -0.009431887700
H -2.179454132100  1.607034562800  0.040415986900
H -0.028202409300  5.132853112000  0.030481162600",QM9 qsGW input / source EOM CSV retained separately,QM9 qsGW-BSE singlet-singlet,3.27414096,0.12032246098754833,"[3.27414096, 4.01190677, 4.95392925, 5.62268151, 5.65069619]","[0.12032246098754833, 0.1474348544294214, 0.1820535420436509, 0.20662973430208828, 0.20765925480305616]","[2.50536367, 3.35768485, 3.65970935, 3.75342732, 4.78004568]","[0.00501316, 0.00042936, 0.1276388, 2.592e-05, 0.25622797]","[""-0.00856828"", ""0.00338035"", ""-0.63535305"", ""0.00204982"", ""-0.00017345"", ""0.16797934"", ""1.28749226"", ""2.26639918"", ""-0.00515238"", ""-0.00209549"", ""0.00867417"", ""-0.03370338"", ""0.91018577"", ""-3.33585440"", ""-0.03000048""]",5,QM9_xyz_files/mol_20306.xyz,E_exc_SS/mol_20306.dat,E_exc_ST/mol_20306.dat,osc_stren/mol_20306.dat,trans_dip_mom/mol_20306.dat,3.457616574374463,"[3.457616574374463, 4.063834682982148, 5.193138286158996]",geometry_matched_to_qm9_mol_20306; qm9_source=qm9randdiv60_19974_C5H3N3; generated=2026-07-15
qm9randdiv60_21286_C2H4N6,candidate,C2H4N6,21286,21710,def2-tzvp,0,0,Angstrom,"N  0.013671909900  1.326869919400  0.052457395100
C  0.065994868900 -0.020898941800  0.014302841900
N  1.188236541700 -0.647539143300 -0.001951707500
C  1.147557000700 -2.020339059600 -0.012484274500
N  2.260408081700 -2.757392019200 -0.046826576000
N  1.750359829300 -3.983490146900 -0.045117408800
N  0.428666600100 -4.044216234300 -0.012062410800
N  0.023005843300 -2.804379376700  0.009382962300
H  0.872131603800  1.850873156400 -0.004083512100
H -0.859128625900  1.813311693100 -0.036874674900
H -0.907323115900 -0.518931854100  0.013405685500
H  2.324725332600 -4.811893003100 -0.065656270100",QM9 qsGW input / source EOM CSV retained separately,QM9 qsGW-BSE singlet-singlet,5.63790221,0.20718908471012729,"[5.63790221, 5.81171421, 5.85541708, 5.92043192, 6.38086677]","[0.20718908471012729, 0.21357655789612223, 0.21518260874575298, 0.21757186004711168, 0.23449252869066103]","[3.67896006, 3.99194177, 4.96882423, 4.99098056, 5.33008495]","[0.12976653, 0.0052757, 0.43886732, 0.00841741, 0.01316187]","[""0.13511921"", ""2.45957357"", ""0.04162761"", ""-0.28669085"", ""0.32728803"", ""-0.22375978"", ""-2.28994306"", ""3.80792262"", ""0.14226429"", ""0.04396149"", ""-0.06674804"", ""0.60706408"", ""-0.04390649"", ""0.20912582"", ""-0.70588328""]",5,QM9_xyz_files/mol_21710.xyz,E_exc_SS/mol_21710.dat,E_exc_ST/mol_21710.dat,osc_stren/mol_21710.dat,trans_dip_mom/mol_21710.dat,5.93402373478692,"[5.93402373478692, 5.999164308169517, 6.179344130097139]",geometry_matched_to_qm9_mol_21710; qm9_source=qm9randdiv60_21286_C2H4N6; generated=2026-07-15
qm9randdiv60_172_CHN3O,candidate,CHN3O,172,176,def2-tzvp,0,0,Angstrom,"O -0.059332588700  1.268420121100  0.009517850300
N  1.194629371200  1.771776509000  0.000122915200
C  1.959021738700  0.721051742700 -0.012806964100
N  1.227042197900 -0.447940648300 -0.012155972200
N  0.011930217600 -0.124633829300  0.001297373700
H  3.035554673400  0.755231334800 -0.022986482900",QM9 qsGW input / source EOM CSV retained separately,QM9 qsGW-BSE singlet-singlet,5.55305326,0.20407094331031125,"[5.55305326, 6.07670372, 6.53553555, 7.55716198, 7.59127446]","[0.20407094331031125, 0.2233147427722812, 0.24017650151739653, 0.2777205803366308, 0.27897419085436137]","[3.9624691, 4.52251999, 5.05645854, 5.18969181, 6.56560115]","[0.00651335, 0.0010798, 0.06976239, 0.0397474, 0.00996468]","[""-0.00539639"", ""0.00305838"", ""-0.55611260"", ""-0.00215642"", ""0.00085199"", ""-0.21645449"", ""0.16887736"", ""-1.66918115"", ""-0.01066012"", ""1.10649843"", ""0.40318298"", ""-0.00656854"", ""0.00117701"", ""-0.00364532"", ""0.58832684""]",5,QM9_xyz_files/mol_176.xyz,E_exc_SS/mol_176.dat,E_exc_ST/mol_176.dat,osc_stren/mol_176.dat,trans_dip_mom/mol_176.dat,5.798081177676373,"[5.798081177676373, 6.40818035945052, 6.931981365397738]",geometry_matched_to_qm9_mol_176; qm9_source=qm9randdiv60_172_CHN3O; generated=2026-07-15
qm9randdiv60_23378_C4F3N,candidate,C4F3N,23378,23895,def2-tzvp,0,0,Angstrom,"F  0.017062295700  0.059335654500 -0.026273664800
C -0.013812273100  1.392653426100  0.004689630300
F  1.241859199500  1.841897792400 -0.028576580600
F -0.642338711800  1.823031917600 -1.090458326400
C -0.701411897100  1.866733599900  1.215368257500
C -1.264928471400  2.255461620800  2.205060723100
C -1.905655913400  2.696085596500  3.329376751800
N -2.449608618400  3.070382202200  4.283632879000",QM9 qsGW input / source EOM CSV retained separately,QM9 qsGW-BSE singlet-singlet,5.39671397,0.1983255803733881,"[5.39671397, 5.75544866, 5.75550281, 7.72590858, 8.20527141]","[0.1983255803733881, 0.2115088370717818, 0.21151082704757762, 0.28392190350607716, 0.3015381625847809]","[3.94628621, 4.74235572, 4.74237558, 5.3966073, 6.18882748]","[0.0, 3.33e-05, 2.983e-05, 4.9e-07, 7.183e-05]","[""-0.00028839"", ""-0.00007567"", ""0.00002135"", ""0.01409572"", ""0.03589589"", ""-0.00619897"", ""-0.03007018"", ""0.00825931"", ""-0.01985100"", ""0.00273942"", ""-0.00178400"", ""-0.00247203"", ""-0.02991813"", ""0.00843957"", ""-0.03663572""]",5,QM9_xyz_files/mol_23895.xyz,E_exc_SS/mol_23895.dat,E_exc_ST/mol_23895.dat,osc_stren/mol_23895.dat,trans_dip_mom/mol_23895.dat,6.128161460944173,"[6.128161460944173, 6.4042626098429585, 6.404286760892295]",geometry_matched_to_qm9_mol_23895; qm9_source=qm9randdiv60_23378_C4F3N; generated=2026-07-15
qm9randdiv60_40_C3H8O,candidate,C3H8O,40,41,def2-tzvp,0,0,Angstrom,"C -0.005195509100  1.508682240200  0.033087601000
C  0.013165799500 -0.010378192100  0.019886434800
O  0.697589443800 -0.463441395600  1.168689786000
C  0.766884913900 -1.865081825800  1.246026692000
H  1.014454759900  1.904237988300  0.029960180800
H -0.529908659900  1.891840590800 -0.847269114800
H -0.512637651900  1.878058425700  0.928754237500
H -1.015995069400 -0.409987288100  0.007142823500
H  0.510931431800 -0.383694351500 -0.892193946400
H -0.234158408600 -2.324514887800  1.289777795500
H  1.301292758900 -2.298536627600  0.384860951800
H  1.309902871300 -2.118119976400  2.160132058400",QM9 qsGW input / source EOM CSV retained separately,QM9 qsGW-BSE singlet-singlet,7.81652064,0.287251835292017,"[7.81652064, 8.76672014, 9.17913857, 9.2636169, 9.51743015]","[0.287251835292017, 0.3221710228486632, 0.337327120603911, 0.34043164196994236, 0.34975910686664236]","[7.49954184, 8.45608459, 8.64180839, 8.73647222, 9.31006486]","[0.03880305, 0.00345293, 0.03739388, 0.07667749, 0.01108364]","[""0.98586183"", ""0.01731307"", ""-0.58037633"", ""-0.27711989"", ""-0.00338467"", ""0.16448550"", ""-0.89344752"", ""-0.01604621"", ""0.52511438"", ""0.48168012"", ""1.11081844"", ""0.84662202"", ""-0.47672811"", ""-0.00677844"", ""0.28244900""]",5,QM9_xyz_files/mol_41.xyz,E_exc_SS/mol_41.dat,E_exc_ST/mol_41.dat,osc_stren/mol_41.dat,trans_dip_mom/mol_41.dat,8.355377130039802,"[8.355377130039802, 9.524331133826749, 9.924818831940993]",geometry_matched_to_qm9_mol_41; qm9_source=qm9randdiv60_40_C3H8O; generated=2026-07-15
qm9randdiv60_25_C3H2O,candidate,C3H2O,25,26,def2-tzvp,0,0,Angstrom,"O -0.067761195400 -0.042338383500  0.002824887800
C -0.005629451800  1.163828791600  0.007438624500
C  1.229852718600  1.913399968600  0.000287812300
C  2.236253224400  2.574309702500 -0.005292769600
H -0.916707005400  1.794675456200  0.017813515300
H  3.134296619600  3.143702674600 -0.010376560400",QM9 qsGW input / source EOM CSV retained separately,QM9 qsGW-BSE singlet-singlet,4.17585763,0.15345993740453712,"[4.17585763, 5.30245313, 6.16544663, 7.41397832, 8.22819973]","[0.15345993740453712, 0.19486155839568023, 0.22657598456267633, 0.27245867788500133, 0.3023807628034074]","[3.47547647, 4.00987735, 4.85952882, 5.74977998, 6.13323513]","[0.00026775, 1.641e-05, 0.12651678, 5.53e-06, 0.00899285]","[""0.00109854"", ""-0.00053544"", ""0.13002476"", ""0.00022802"", ""-0.00007384"", ""0.02856422"", ""1.69490156"", ""1.59324207"", ""-0.00733470"", ""-0.00125379"", ""0.00017248"", ""0.01397311"", ""0.47099047"", ""-0.25746575"", ""-0.00911989""]",5,QM9_xyz_files/mol_26.xyz,E_exc_SS/mol_26.dat,E_exc_ST/mol_26.dat,osc_stren/mol_26.dat,trans_dip_mom/mol_26.dat,4.008994858347788,"[4.008994858347788, 6.111002227765251, 6.884381058217843]",geometry_matched_to_qm9_mol_26; qm9_source=qm9randdiv60_25_C3H2O; generated=2026-07-15
qm9randdiv60_126351_C4N4O,candidate,C4N4O,126351,128874,def2-tzvp,0,0,Angstrom,"N  0.091378814300 -3.704069268300 -0.019104943500
C  0.053073734000 -2.543444394900 -0.012094354800
C  0.007925161000 -1.179765921100 -0.003892073100
C -0.036284407400  0.026804534300  0.003367256200
C -0.063086792700  1.433921784300  0.011517154900
N -1.151451549200  2.165776959100  0.029966040500
O -0.708515622000  3.428838211600  0.031133354200
N  0.699648483700  3.424230865300  0.012592252500
N  1.077335898300  2.232284409700  0.001015523100",QM9 qsGW input / source EOM CSV retained separately,QM9 qsGW-BSE singlet-singlet,4.94948454,0.18189020196388356,"[4.94948454, 5.15677717, 5.3021187, 5.56447061, 6.0859888]","[0.18189020196388356, 0.1895080656083924, 0.19484926831986502, 0.20449052318385344, 0.2236559631686279]","[3.1681218, 4.14325729, 4.40376889, 4.54589295, 4.62821042]","[8.749e-05, 0.13502502, 0.00010775, 0.00425775, 0.04650177]","[""-0.00116171"", ""0.00038319"", ""-0.06826109"", ""0.55013972"", ""-2.56934550"", ""-0.02196065"", ""-0.00178131"", ""0.00041593"", ""-0.07318255"", ""0.00947838"", ""-0.00183463"", ""0.44908774"", ""1.25146028"", ""-0.66956556"", ""-0.01980192""]",5,QM9_xyz_files/mol_128874.xyz,E_exc_SS/mol_128874.dat,E_exc_ST/mol_128874.dat,osc_stren/mol_128874.dat,trans_dip_mom/mol_128874.dat,5.668042006378754,"[5.668042006378754, 5.811252483218418, 5.873064206121805]",geometry_matched_to_qm9_mol_128874; qm9_source=qm9randdiv60_126351_C4N4O; generated=2026-07-15
qm9randdiv60_38_C4H10,candidate,C4H10,38,39,def2-tzvp,0,0,Angstrom,"C -0.030076236500  1.558049118500  0.029807735300
C  0.007072766600  0.028348771300 -0.007125286300
C  0.713207917100 -0.529893401000 -1.247655806500
C  0.750368953900 -2.059593656600 -1.284589568200
H  0.981953296600  1.978451129800  0.028007966700
H -0.555824330300  1.962123433100 -0.842701571300
H -0.540837616200  1.926927549100  0.924936968600
H  0.509286718800 -0.349090486900  0.893613189000
H -1.017334809500 -0.365422985900  0.032073932100
H  0.210989481400 -0.152457699300 -2.148393020700
H  1.737613305800 -0.136116246700 -1.286856722400
H  1.276168537800 -2.463664100700 -0.412109802400
H -0.261656994200 -2.480004469700 -1.282735516100
H  1.261084908900 -2.428464435100 -2.179748027800",QM9 qsGW input / source EOM CSV retained separately,QM9 qsGW-BSE singlet-singlet,9.50424214,0.3492744564382967,"[9.50424214, 9.59780718, 9.9060103, 10.07157888, 10.08055946]","[0.3492744564382967, 0.3527129082376347, 0.36403916399005676, 0.3701236970786425, 0.3704537273063867]","[9.11520076, 9.16830734, 9.44610689, 9.57906206, 9.59464794]","[5e-08, 1.5e-07, 6e-08, 0.08045739, 0.00735805]","[""-0.00010647"", ""-0.00112762"", ""-0.00045073"", ""-0.00003058"", ""-0.00144392"", ""0.00139766"", ""0.00042953"", ""-0.00114244"", ""0.00004476"", ""0.61709725"", ""-0.78475566"", ""-1.05352650"", ""0.36729156"", ""0.02206797"", ""0.23893473""]",5,QM9_xyz_files/mol_39.xyz,E_exc_SS/mol_39.dat,E_exc_ST/mol_39.dat,osc_stren/mol_39.dat,trans_dip_mom/mol_39.dat,10.387606935417377,"[10.387606935417377, 10.418368516434986, 10.787609620667855]",geometry_matched_to_qm9_mol_39; qm9_source=qm9randdiv60_38_C4H10; generated=2026-07-15
qm9randdiv60_1224_C4H7NO2,candidate,C4H7NO2,1224,1257,def2-tzvp,0,0,Angstrom,"C  0.034300971600  1.396064329900 -0.125645356100
N -0.032651159700 -0.033395817600 -0.360188732200
C -1.073260025400 -0.625061271600  0.011426051500
O -1.164183976700 -1.981007154300 -0.198373075900
C -2.308681588100 -2.622069407200  0.212159026400
C -2.207552577100 -4.088862352300 -0.107239311700
O -3.232646942000 -2.069680234900  0.742384780300
H  0.909922927900  1.618466317400  0.493753353900
H  0.181142135200  1.911017252300 -1.081204051800
H -0.858239271500  1.813784595100  0.364952430300
H -1.951478692600 -0.195096724400  0.497670320900
H -3.114548212200 -4.595347816100  0.219537970400
H -2.064733323500 -4.225645524400 -1.182930407400
H -1.333992105900 -4.518215701800  0.391507071400",QM9 qsGW input / source EOM CSV retained separately,QM9 qsGW-BSE singlet-singlet,5.84166526,0.2146772386820714,"[5.84166526, 6.23156761, 7.38551791, 8.31119913, 8.55962778]","[0.2146772386820714, 0.22900588575926636, 0.2714127771086601, 0.30543093449439346, 0.3145605189909065]","[4.78088162, 5.04245991, 5.56242268, 6.31656187, 7.96778827]","[1.215e-05, 0.00188366, 0.44013725, 0.02248854, 4.253e-05]","[""0.00961589"", ""-0.00368675"", ""0.02103213"", ""0.11709359"", ""-0.04886432"", ""0.25221269"", ""-2.71047634"", ""-2.79818806"", ""0.73379920"", ""0.76528663"", ""0.14347071"", ""-0.32752136"", ""-0.01793824"", ""0.00812704"", ""-0.03036957""]",5,QM9_xyz_files/mol_1257.xyz,E_exc_SS/mol_1257.dat,E_exc_ST/mol_1257.dat,osc_stren/mol_1257.dat,trans_dip_mom/mol_1257.dat,5.822015122387126,"[5.822015122387126, 6.154256881276634, 7.766119335379066]",geometry_matched_to_qm9_mol_1257; qm9_source=qm9randdiv60_1224_C4H7NO2; generated=2026-07-15
qm9randdiv60_4393_C5H8N2O,candidate,C5H8N2O,4393,4496,def2-tzvp,0,0,Angstrom,"C  0.009959380700  1.493090213000  0.047753315500
C  0.026226116200  0.002438731500 -0.035267046100
C  0.008205134000 -0.835309713800 -1.135838844900
C  0.037218041800 -2.172528194700 -0.652703673400
O  0.033209112100 -3.341605271600 -1.367318911100
C  0.072184666500 -2.133658214900  0.723674574000
N  0.110196827600 -3.128174708500  1.726136477200
N  0.064674910600 -0.793224218300  1.075224851600
H  0.901667074300  1.891699827100  0.548302687500
H -0.021163874000  1.920929597500 -0.957122403900
H -0.864407943000  1.869897669900  0.593720332500
H -0.022344497100 -0.516869180900 -2.168313804000
H  0.006905789300 -3.121959461600 -2.302375906900
H  0.929284850400 -3.720850634500  1.628625807400
H -0.697358433800 -3.741629267300  1.669619117300
H  0.085447964300 -0.484421452900  2.032033457200",QM9 qsGW input / source EOM CSV retained separately,QM9 qsGW-BSE singlet-singlet,5.06363364,0.1860851040158446,"[5.06363364, 5.61622534, 6.05617708, 6.15249972, 6.21794558]","[0.1860851040158446, 0.2063924744307375, 0.2225604026657375, 0.22610019439590712, 0.22850528539010995]","[4.0371731, 4.92006657, 5.23902173, 5.5021478, 5.73524746]","[0.00018147, 8e-06, 0.00022925, 0.19003295, 0.00455018]","[""-0.09710302"", ""-0.00065384"", ""0.00459973"", ""-0.01898950"", ""-0.00386203"", ""0.00026050"", ""-0.09516082"", ""-0.02713042"", ""0.01380365"", ""-0.08285855"", ""2.69204824"", ""-0.94386821"", ""0.41392858"", ""0.13695313"", ""-0.05363394""]",5,QM9_xyz_files/mol_4496.xyz,E_exc_SS/mol_4496.dat,E_exc_ST/mol_4496.dat,osc_stren/mol_4496.dat,trans_dip_mom/mol_4496.dat,6.343840143873879,"[6.343840143873879, 6.385768412415996, 6.803648791274953]",geometry_matched_to_qm9_mol_4496; qm9_source=qm9randdiv60_4393_C5H8N2O; generated=2026-07-15
qm9randdiv60_3050_C4H8O3,candidate,C4H8O3,3050,3107,def2-tzvp,0,0,Angstrom,"O  0.167124420100  1.102343152600 -0.534245515700
C -0.025484689600  0.005317404400  0.346158500100
C -1.418816114500 -0.589272154400  0.250171477900
C -1.876957642000 -1.184069809600 -1.059427013600
O -0.888977232700 -1.212189751100 -2.070694193900
C -1.623916403900 -2.094609171000  0.115082206600
O -0.529315978400 -2.954511593100  0.044225882000
H  0.052688923500  0.753257867900 -1.425442495500
H  0.725522061000 -0.778582595700  0.183958636800
H  0.134539989100  0.394009430900  1.356400261800
H -2.189773657500 -0.049387760600  0.792164749100
H -2.885005777800 -0.985285012800 -1.414965046800
H -1.190249610700 -1.798015115400 -2.773466308300
H -2.461718289600 -2.552608977400  0.631715885600
H -0.081151997100 -2.756113884600 -0.789185256200",QM9 qsGW input / source EOM CSV retained separately,QM9 qsGW-BSE singlet-singlet,6.61880161,0.24323647278263397,"[6.61880161, 7.41425125, 7.70145614, 7.94980806, 8.24733832]","[0.24323647278263397, 0.27246870787750277, 0.2830232929105363, 0.29215005763155877, 0.3030840930133052]","[6.35014727, 7.15414836, 7.46983325, 7.57246703, 7.96996491]","[0.00484351, 0.00378789, 0.00776559, 0.01019355, 0.00103574]","[""0.06431589"", ""0.43377711"", ""0.02588331"", ""-0.33981882"", ""-0.12262143"", ""-0.06487629"", ""0.14112170"", ""0.48723404"", ""-0.09263739"", ""-0.52498485"", ""0.11256297"", ""0.22325877"", ""-0.16143812"", ""0.07374844"", ""0.04019216""]",5,QM9_xyz_files/mol_3107.xyz,E_exc_SS/mol_3107.dat,E_exc_ST/mol_3107.dat,osc_stren/mol_3107.dat,trans_dip_mom/mol_3107.dat,7.165551121129196,"[7.165551121129196, 7.979703069902938, 8.285846484699363]",geometry_matched_to_qm9_mol_3107; qm9_source=qm9randdiv60_3050_C4H8O3; generated=2026-07-15
qm9randdiv60_23315_C2FN3O2,candidate,C2FN3O2,23315,23828,def2-tzvp,0,0,Angstrom,"F -0.236320044600 -0.146489841900 -0.400513810400
C -0.190620338400  1.055280277500  0.153674325100
N -1.387196819100  1.703536341000 -0.102375365800
C -1.763723814300  2.823452987900  0.204161067400
O -2.246404972800  3.850888701500  0.430591482900
N  1.036154046500  4.344247013100 -0.506430805900
N  1.995933319200  4.862660942000 -0.377304789000
O  0.751125663500  1.450199888800  0.759014465900",QM9 qsGW input / source EOM CSV retained separately,QM9 qsGW-BSE singlet-singlet,6.09357425,0.2239347233145252,"[6.09357425, 7.06890457, 7.13559399, 7.85918376, 8.81621033]","[0.2239347233145252, 0.2597774514718899, 0.2622282424531775, 0.28881967603391556, 0.32398975378550765]","[5.60085579, 5.62128094, 6.28530768, 6.5903355, 7.2343009]","[7.33e-06, 0.00376992, 0.06304408, 0.00232752, 0.38413532]","[""0.00024218"", ""-0.00890801"", ""-0.01541898"", ""0.31975825"", ""0.01842239"", ""-0.19505958"", ""-1.34106537"", ""0.62854815"", ""-0.36916867"", ""0.13054770"", ""0.09697346"", ""-0.22726317"", ""-2.45105536"", ""2.33975329"", ""-0.08719963""]",5,QM9_xyz_files/mol_23828.xyz,E_exc_SS/mol_23828.dat,E_exc_ST/mol_23828.dat,osc_stren/mol_23828.dat,trans_dip_mom/mol_23828.dat,6.1885342238235665,"[6.1885342238235665, 7.046835794696453, 7.197873975146772]",geometry_matched_to_qm9_mol_23828; qm9_source=qm9randdiv60_23315_C2FN3O2; generated=2026-07-15
qm9randdiv60_21536_CN4O3,candidate,CN4O3,21536,21988,def2-tzvp,0,0,Angstrom,"O -0.123342964600  0.009459307500  0.004018543000
N -0.025168278400  1.222338379300  0.007063029500
O  0.990930518400  1.891645687500  0.002620489600
C -1.285502274700  1.962965834900  0.017151844800
N -1.358004631600  3.260213503700  0.021249780500
O -2.670887068300  3.504572779600  0.030221820500
N -3.370211973400  2.269862488400  0.031341731700
N -2.513516227400  1.356193599000  0.023277080300",QM9 qsGW input / source EOM CSV retained separately,QM9 qsGW-BSE singlet-singlet,4.00260156,0.14709289426921926,"[4.00260156, 4.36007147, 5.39493978, 5.91362254, 6.08497381]","[0.14709289426921926, 0.16022967115991166, 0.19826038009347724, 0.2173216199476752, 0.22361866297411284]","[2.47765974, 3.38657519, 3.75392855, 3.76365826, 4.37618987]","[7.7e-07, 0.00029434, 0.00327828, 0.00304806, 0.04912676]","[""-0.00014498"", ""-0.00006359"", ""0.00713222"", ""0.00102516"", ""-0.00012157"", ""0.13342020"", ""0.00262458"", ""-0.00087581"", ""0.40028826"", ""0.00414302"", ""-0.00931655"", ""0.36852937"", ""-1.21875980"", ""-0.80221706"", ""0.00527581""]",5,QM9_xyz_files/mol_21988.xyz,E_exc_SS/mol_21988.dat,E_exc_ST/mol_21988.dat,osc_stren/mol_21988.dat,trans_dip_mom/mol_21988.dat,4.1180034013779565,"[4.1180034013779565, 4.543558336670077, 5.682955206548477]",geometry_matched_to_qm9_mol_21988; qm9_source=qm9randdiv60_21536_CN4O3; generated=2026-07-15
qm9randdiv60_34112_C9H6,candidate,C9H6,34112,35154,def2-tzvp,0,0,Angstrom,"C -0.102138503500 -1.185349857900 -0.060850429000
C -0.042530121700  0.013965285300 -0.001975410000
C  0.005504836800  1.441427940500  0.056309221100
C  0.504386789900  2.158628825800  1.280000938900
C  1.378668398300  2.190182071200  0.028369700200
C  2.586905241500  1.409237863000  0.022453638300
C  3.600250300200  0.764080881000  0.017013945900
C  1.410104933500  3.412463617700 -0.733598924500
C  1.418466803900  4.434534948600 -1.366046411100
H -0.146421005600 -2.244888495100 -0.112905828600
H -0.759883240100  1.956862023500 -0.514862541100
H  0.018726513400  3.086155653500  1.557540931900
H  0.869371833500  1.550415633100  2.097989854700
H  4.495425024700  0.193198584900  0.008108138300
H  1.437783045100  5.335074144900 -1.928346385100",QM9 qsGW input / source EOM CSV retained separately,QM9 qsGW-BSE singlet-singlet,6.44907813,0.23699924993534063,"[6.44907813, 6.61540345, 6.82376278, 6.85782193, 6.97602825]","[0.23699924993534063, 0.24311159270598953, 0.25076865685246313, 0.25202030752884214, 0.25636430966572066]","[5.0098699, 5.27856261, 5.33609295, 5.86235599, 5.93676883]","[0.00583992, 0.0404854, 0.05143923, 0.04560383, 0.04414505]","[""0.36568658"", ""0.32408525"", ""-0.00566146"", ""-0.69475713"", ""-1.03828747"", ""0.23036954"", ""-0.86431268"", ""-0.86412795"", ""0.70290082"", ""-0.91460793"", ""-0.83698851"", ""0.46530582"", ""-0.65279203"", ""-1.03318631"", ""-0.41844854""]",5,QM9_xyz_files/mol_35154.xyz,E_exc_SS/mol_35154.dat,E_exc_ST/mol_35154.dat,osc_stren/mol_35154.dat,trans_dip_mom/mol_35154.dat,6.889532559794661,"[6.889532559794661, 7.132442069076184, 7.320696804223689]",geometry_matched_to_qm9_mol_35154; qm9_source=qm9randdiv60_34112_C9H6; generated=2026-07-15
qm9randdiv60_173_N4O,candidate,N4O,173,177,def2-tzvp,0,0,Angstrom,"O -0.079174753900  1.253174839000  0.009511524300
N  1.211347783100  1.713059725100 -0.000238143400
N  1.973703247400  0.723860872100 -0.012951144000
N  1.194182506200 -0.441847305100 -0.011769127800
N -0.011206442900 -0.115164371000  0.001574191000",QM9 qsGW input / source EOM CSV retained separately,QM9 qsGW-BSE singlet-singlet,5.63649565,0.2071373945835279,"[5.63649565, 6.19762901, 6.6768302, 7.34084795, 7.3828131]","[0.2071373945835279, 0.2277586652136757, 0.24536898413194297, 0.2697711863570465, 0.2713133771745462]","[4.64483741, 4.77515144, 5.16882067, 5.20638764, 5.39974396]","[0.01055726, 0.0, 5e-08, 0.03729721, 3e-08]","[""0.00675963"", ""-0.00403924"", ""0.70274435"", ""0.00030277"", ""0.00009570"", ""0.00021226"", ""0.00074171"", ""0.00111763"", ""0.00003444"", ""-0.96280726"", ""0.64235963"", ""0.01296373"", ""-0.00012205"", ""0.00098749"", ""-0.00018989""]",5,QM9_xyz_files/mol_177.xyz,E_exc_SS/mol_177.dat,E_exc_ST/mol_177.dat,osc_stren/mol_177.dat,trans_dip_mom/mol_177.dat,5.946490800695237,"[5.946490800695237, 6.392665624064187, 6.877088916439582]",geometry_matched_to_qm9_mol_177; qm9_source=qm9randdiv60_173_N4O; generated=2026-07-15
qm9randdiv60_2586_C6H3N,candidate,C6H3N,2586,2643,def2-tzvp,0,0,Angstrom,"C -0.018136522100  1.475823048100  0.010203219700
C  0.001927197300  0.027331182800  0.002133573800
C  0.018636802600 -1.184695616900 -0.004562303300
C  0.037213771700 -2.535122071200 -0.011978933900
C  0.053582030400 -3.751143417500 -0.018622422700
C  0.071126047700 -5.109885968100 -0.026039525200
N  0.086107720700 -6.273571479500 -0.032362273500
H  0.999620652300  1.881159071600  0.002677389600
H -0.543594600700  1.864656489600 -0.868941204400
H -0.526678209800  1.855014091100  0.903389089900",QM9 qsGW input / source EOM CSV retained separately,QM9 qsGW-BSE singlet-singlet,4.23105052,0.15548823870095257,"[4.23105052, 4.49078387, 4.49079775, 6.40910349, 6.77299365]","[0.15548823870095257, 0.16503326325986473, 0.16503377334045652, 0.23553020901112479, 0.24890292573751543]","[3.04753149, 3.71646634, 3.71648458, 4.23095419, 5.14158696]","[0.0, 8.215e-05, 8.212e-05, 2e-08, 0.0002556]","[""0.00006720"", ""-0.00020123"", ""0.00003416"", ""-0.05022479"", ""-0.00132184"", ""0.04795450"", ""0.04776941"", ""0.00001022"", ""0.05039722"", ""0.00002239"", ""0.00085850"", ""0.00005877"", ""0.09288908"", ""-0.00299939"", ""-0.03625173""]",5,QM9_xyz_files/mol_2643.xyz,E_exc_SS/mol_2643.dat,E_exc_ST/mol_2643.dat,osc_stren/mol_2643.dat,trans_dip_mom/mol_2643.dat,4.8842238716332,"[4.8842238716332, 5.096727869699527, 5.096730365211655]",geometry_matched_to_qm9_mol_2643; qm9_source=qm9randdiv60_2586_C6H3N; generated=2026-07-15
qm9randdiv60_313_C3N2O,candidate,C3N2O,313,323,def2-tzvp,0,0,Angstrom,"O  0.002935530500 -0.065197015500  0.002772403100
C -0.013382567200  1.136177660000  0.006683859900
C  1.204355185300  1.948470125900  0.000587990300
N  2.169853533700  2.584269715900 -0.004270530900
C -1.252732122600  1.915040825500  0.017933656200
N -2.235143161900  2.524336568100  0.026826251400",QM9 qsGW input / source EOM CSV retained separately,QM9 qsGW-BSE singlet-singlet,3.98710032,0.14652323420633712,"[3.98710032, 5.75652704, 6.14977232, 6.6229704, 6.67232862]","[0.14652323420633712, 0.2115484668058296, 0.22599996429460525, 0.2433896729894266, 0.24520355411822348]","[3.27794674, 4.11323277, 4.88874978, 5.31764689, 5.65022027]","[0.0, 0.0, 0.0004358, 0.09978154, 0.10972489]","[""-0.00000252"", ""-0.00000214"", ""0.00000003"", ""-0.00000168"", ""-0.00001487"", ""0.00000768"", ""-0.00098559"", ""0.00045945"", ""-0.13669555"", ""-1.99295125"", ""-0.02862924"", ""0.01406232"", ""0.02967519"", ""-2.08219342"", ""-0.00676812""]",5,QM9_xyz_files/mol_323.xyz,E_exc_SS/mol_323.dat,E_exc_ST/mol_323.dat,osc_stren/mol_323.dat,trans_dip_mom/mol_323.dat,4.003268802562753,"[4.003268802562753, 6.6371110675089, 7.483258485639962]",geometry_matched_to_qm9_mol_323; qm9_source=qm9randdiv60_313_C3N2O; generated=2026-07-15
qm9randdiv60_12142_C7H10O,candidate,C7H10O,12142,12437,def2-tzvp,0,0,Angstrom,"O -0.000829215400 -0.051277001400 -0.251409221800
C -0.014235657300  1.139787367600 -0.031583705900
C -1.326642143900  1.897312318600  0.105585312200
C -1.612050491900  2.819769862700 -1.108404967500
C -0.737198465300  4.046329373200 -1.200130365600
C  0.596542233200  4.064679098000 -1.218223319200
C  1.506966269500  2.862681141100 -1.150717764900
C  1.280072732400  1.933179146000  0.070226440700
H -2.119646513200  1.149972086700  0.189841706100
H -1.313905666400  2.504585503400  1.018104090100
H -1.526259566200  2.218824425700 -2.024631332600
H -2.659249146800  3.130626449400 -1.051662474000
H -1.259723643500  4.998109062800 -1.260607905800
H  1.090857742600  5.030448597300 -1.292493743000
H  1.412913845000  2.259258387500 -2.064501797400
H  2.546372349900  3.202244388900 -1.122288501800
H  1.275387331700  2.540215807700  0.982979216000
H  2.095328815700  1.207968224900  0.132668894300",QM9 qsGW input / source EOM CSV retained separately,QM9 qsGW-BSE singlet-singlet,4.69827923,0.17265857709445825,"[4.69827923, 6.8708804, 7.24393455, 7.51913242, 7.64764778]","[0.17265857709445825, 0.25250019744999325, 0.26620968459730837, 0.2763230197839924, 0.28104587215315263]","[4.04649899, 4.18915666, 6.00341716, 6.72086722, 7.44764562]","[1.544e-05, 0.01733936, 0.24952622, 0.03816818, 0.04246667]","[""0.02943527"", ""0.00019775"", ""-0.00048598"", ""-0.00718870"", ""-0.23783461"", ""-0.78028963"", ""-3.01331283"", ""-0.04120194"", ""0.04070686"", ""-0.02345619"", ""0.79618755"", ""-0.83910940"", ""1.20981348"", ""0.01720377"", ""-0.01861937""]",5,QM9_xyz_files/mol_12437.xyz,E_exc_SS/mol_12437.dat,E_exc_ST/mol_12437.dat,osc_stren/mol_12437.dat,trans_dip_mom/mol_12437.dat,4.425979007525903,"[4.425979007525903, 7.674253515889058, 7.931980630833581]",geometry_matched_to_qm9_mol_12437; qm9_source=qm9randdiv60_12142_C7H10O; generated=2026-07-15
qm9randdiv60_18477_C6H8O2,candidate,C6H8O2,18477,18809,def2-tzvp,0,0,Angstrom,"C -0.004967704300  1.529518524600  0.203590323800
C  1.528374657000  1.411356303000 -0.031659947100
O  2.219475917500  1.152730561000  1.175456342600
C  1.588801593000  0.112187122900  1.924804496000
C  0.864371932700 -0.806594828300  0.951595124700
O  1.811504363300 -1.080196603800 -0.123715574900
C  1.255436973500  0.043628736600 -0.808783654100
C -0.068117481600  0.008035837800 -0.019910115400
H -0.328123369800  1.956656540800  1.156448570100
H -0.501893639500  2.060814295600 -0.613556132700
H  2.058654203400  2.217631136400 -0.538933234500
H  2.381568863300 -0.428660890100  2.450727630300
H  0.893863018200  0.524787238700  2.672714735000
H  0.473005005900 -1.717366766500  1.411226497200
H  1.377022699500  0.022646999400 -1.893000589800
H -0.974108952100 -0.498044388100 -0.352569871200",QM9 qsGW input / source EOM CSV retained separately,QM9 qsGW-BSE singlet-singlet,7.21894333,0.2652912742019657,"[7.21894333, 7.28471954, 7.96059765, 7.98588793, 8.23392338]","[0.2652912742019657, 0.2677085053347492, 0.29254656775061205, 0.2934759683982445, 0.3025911030612781]","[6.81129288, 7.14285127, 7.70863587, 7.79925446, 7.85166579]","[0.00294883, 0.00434207, 0.02292944, 0.00245007, 0.0030292]","[""0.07592720"", ""-0.26604428"", ""0.17655695"", ""-0.36937646"", ""0.03155588"", ""-0.14050972"", ""-0.36659553"", ""-0.13302099"", ""0.77939758"", ""-0.15905719"", ""0.03234527"", ""-0.23357502"", ""-0.16039143"", ""0.26667478"", ""0.01310632""]",5,QM9_xyz_files/mol_18809.xyz,E_exc_SS/mol_18809.dat,E_exc_ST/mol_18809.dat,osc_stren/mol_18809.dat,trans_dip_mom/mol_18809.dat,7.422208733548918,"[7.422208733548918, 7.962718314149732, 8.472243622156304]",geometry_matched_to_qm9_mol_18809; qm9_source=qm9randdiv60_18477_C6H8O2; generated=2026-07-15
qm9randdiv60_685_C6H8,candidate,C6H8,685,695,def2-tzvp,0,0,Angstrom,"C -0.086638619100  1.624376881300  0.010641446600
C  1.421235562700  1.305158958000 -0.004740064000
C  1.245986716700  0.059504960100  0.933283700800
C  2.026404157000 -0.864971169700 -0.021762985400
C  1.228867719100  0.069524387900 -0.952609085500
C -0.016555125700  0.084626340000  0.001826888700
H -0.482188967500  2.095775772800  0.916496548000
H -0.499077419000  2.104857455700 -0.882825725000
H  2.273391798100  1.987334063400 -0.008570022600
H  1.235345585400  0.077478103600  2.024664308100
H  3.116291291100 -0.758657428900 -0.031457880900
H  1.744504393000 -1.923165887800 -0.024460007600
H  1.198845663300  0.099456611000 -2.043366029000
H -0.828047995200 -0.645453677300  0.005033327800",QM9 qsGW input / source EOM CSV retained separately,QM9 qsGW-BSE singlet-singlet,8.94779459,0.3288253861494928,"[8.94779459, 9.01575098, 9.09623686, 9.09637074, 9.10821886]","[0.3288253861494928, 0.3313227374194972, 0.3342805389542083, 0.3342854589534612, 0.334720869332517]","[8.65471965, 8.71696301, 8.71887352, 8.80335458, 8.8122293]","[9.3e-07, 1e-07, 0.05166845, 0.05208006, 0.12196314]","[""-0.00337399"", ""0.00392421"", ""0.00083949"", ""-0.00151631"", ""-0.00053519"", ""-0.00063864"", ""-0.00691084"", ""0.00800991"", ""-1.22382467"", ""-0.93542376"", ""-0.79671189"", ""0.00124535"", ""1.21703502"", ""-1.43162951"", ""-0.01732420""]",5,QM9_xyz_files/mol_695.xyz,E_exc_SS/mol_695.dat,E_exc_ST/mol_695.dat,osc_stren/mol_695.dat,trans_dip_mom/mol_695.dat,10.179728495652157,"[10.179728495652157, 10.22449347927334, 10.406716608190242]",geometry_matched_to_qm9_mol_695; qm9_source=qm9randdiv60_685_C6H8; generated=2026-07-15
qm9randdiv60_27_C2H2O2,candidate,C2H2O2,27,28,def2-tzvp,0,0,Angstrom,"O  0.003371224600 -0.031465863100  0.001572062800
C -0.017131737300  1.170814085800  0.006764438200
C  1.265557829700  1.997194099100 -0.000077032200
O  1.245070689400  3.199465892700  0.006812752900
H -0.946904828400  1.776781424100  0.018526679800
H  2.195344102000  1.391213741400 -0.010067391500",QM9 qsGW input / source EOM CSV retained separately,QM9 qsGW-BSE singlet-singlet,3.0649291,0.11263406694144029,"[3.0649291, 4.62480383, 7.44036004, 8.36336148, 8.57358424]","[0.11263406694144029, 0.16995840594787315, 0.27342818821282927, 0.3073478654999828, 0.3150734094358782]","[2.36065916, 3.87716109, 4.80911263, 5.82843154, 7.17867835]","[0.0003925, 0.0, 1.9e-07, 0.29467558, 3e-08]","[""0.00153372"", ""-0.00090166"", ""0.18375767"", ""0.00011367"", ""0.00025489"", ""0.00001022"", ""-0.00192337"", ""-0.00176883"", ""-0.00000305"", ""-1.07605310"", ""-2.85188897"", ""-0.00323681"", ""-0.00020293"", ""-0.00074603"", ""0.00062664""]",5,QM9_xyz_files/mol_28.xyz,E_exc_SS/mol_28.dat,E_exc_ST/mol_28.dat,osc_stren/mol_28.dat,trans_dip_mom/mol_28.dat,3.0754106575096443,"[3.0754106575096443, 4.550360837895154, 7.666236579024889]",geometry_matched_to_qm9_mol_28; qm9_source=qm9randdiv60_27_C2H2O2; generated=2026-07-15
qm9randdiv60_762_CH2N4O,candidate,CH2N4O,762,776,def2-tzvp,0,0,Angstrom,"O  0.002838720100 -0.054551617500  0.003363553500
C -0.013563081900  1.152761305500  0.009653670300
N -1.079196867300  2.042679837300  0.028608929000
N -0.678046772400  3.340837834600  0.030534458200
N  0.591255809400  3.358168994300  0.013709061000
N  1.027506924800  2.071445294500  0.000718187500
H -2.058428176200  1.813227788600  0.041439161200
H  2.012626963500  1.868819362700 -0.012998240900",QM9 qsGW input / source EOM CSV retained separately,QM9 qsGW-BSE singlet-singlet,6.21314631,0.22832891547067197,"[6.21314631, 6.24647483, 7.08136575, 7.11859068, 7.96734418]","[0.22832891547067197, 0.22955371598978977, 0.26023539139039875, 0.26160338233593494, 0.29279449815514974]","[3.88434299, 5.02460542, 6.68484776, 6.88423413, 7.78830895]","[0.01353551, 0.07107948, 0.00357271, 1.24e-06, 0.00018019]","[""0.32912254"", ""0.00075467"", ""0.68275292"", ""1.72154874"", ""0.02430148"", ""-0.19062301"", ""-0.18108777"", ""-0.00294614"", ""-0.31660771"", ""-0.00030420"", ""-0.00677645"", ""-0.00020718"", ""0.00274994"", ""-0.07715909"", ""-0.00169530""]",5,QM9_xyz_files/mol_776.xyz,E_exc_SS/mol_776.dat,E_exc_ST/mol_776.dat,osc_stren/mol_776.dat,trans_dip_mom/mol_776.dat,6.348856986419235,"[6.348856986419235, 6.817559599224927, 7.292738375456388]",geometry_matched_to_qm9_mol_776; qm9_source=qm9randdiv60_762_CH2N4O; generated=2026-07-15
qm9randdiv60_771_C2H3N3O,candidate,C2H3N3O,771,785,def2-tzvp,0,0,Angstrom,"O  0.105581999300  1.291007728200 -0.129141810200
C  0.066987509100 -0.044782115900 -0.057338485600
N -0.031379104200 -0.789836065800 -1.143797767600
N -0.034973256300 -2.040859862500 -0.599032033700
C  0.058282773700 -1.976665323100  0.738004154900
N  0.125923553500 -0.715006477200  1.126889340900
H  0.177804768400  1.612719785600  0.777402205400
H -0.102116041800 -2.843914930800 -1.201223318400
H  0.073549778400 -2.846216628400  1.377483504300",QM9 qsGW input / source EOM CSV retained separately,QM9 qsGW-BSE singlet-singlet,6.51843672,0.2395481311048998,"[6.51843672, 6.83662942, 6.8659946, 7.19129001, 7.61249609]","[0.2395481311048998, 0.25124149715114136, 0.2523206476117074, 0.26427503343605924, 0.2797540713723239]","[4.36310499, 5.53956647, 6.2906041, 6.32456284, 6.69664118]","[0.08855385, 0.00642488, 0.00697773, 0.0001513, 0.06548708]","[""-0.12717256"", ""0.08113120"", ""-1.88669580"", ""-0.49587855"", ""0.01545218"", ""0.04101505"", ""0.51626678"", ""-0.02112030"", ""-0.03181689"", ""-0.06565534"", ""-0.00112864"", ""0.03515888"", ""0.00831236"", ""-1.32088880"", ""0.72364896""]",5,QM9_xyz_files/mol_785.xyz,E_exc_SS/mol_785.dat,E_exc_ST/mol_785.dat,osc_stren/mol_785.dat,trans_dip_mom/mol_785.dat,6.800649218809139,"[6.800649218809139, 7.013012541749446, 7.949953225409017]",geometry_matched_to_qm9_mol_785; qm9_source=qm9randdiv60_771_C2H3N3O; generated=2026-07-15
qm9randdiv60_3591_C3HN3O,candidate,C3HN3O,3591,3648,def2-tzvp,0,0,Angstrom,"C  0.051985821400 -1.177676418300 -0.004627544500
C -0.009679379700  0.021681095000  0.002913714200
C -0.055658666400  1.430618815300  0.011412660300
N -1.149394014000  2.152288990300  0.029558141300
O -0.717757270300  3.424441706300  0.030966262800
N  0.684846574000  3.432704530600  0.012523230500
N  1.075434479600  2.243689994500  0.000787382900
H  0.101306535400 -2.239703003700 -0.011233147500",QM9 qsGW input / source EOM CSV retained separately,QM9 qsGW-BSE singlet-singlet,5.53591769,0.20344122272771775,"[5.53591769, 5.73170943, 5.84520818, 6.05526821, 6.46369663]","[0.20344122272771775, 0.21063643646030986, 0.21480743859059395, 0.22252700230929173, 0.23753646990156543]","[3.43372275, 4.55650811, 4.85202228, 5.09844464, 5.1439685]","[0.00502968, 0.1180201, 0.00031021, 0.00183846, 0.09333485]","[""0.00750006"", ""-0.00435882"", ""0.48939616"", ""1.25736522"", ""-1.96163254"", ""-0.02774783"", ""0.00173579"", ""-0.00027774"", ""0.11828590"", ""0.00425494"", ""-0.00292250"", ""0.28290601"", ""-0.60439631"", ""-1.85538792"", ""-0.00223707""]",5,QM9_xyz_files/mol_3648.xyz,E_exc_SS/mol_3648.dat,E_exc_ST/mol_3648.dat,osc_stren/mol_3648.dat,trans_dip_mom/mol_3648.dat,5.780628348793604,"[5.780628348793604, 6.35270873359974, 6.362426315011296]",geometry_matched_to_qm9_mol_3648; qm9_source=qm9randdiv60_3591_C3HN3O; generated=2026-07-15
qm9randdiv60_23300_C4H2F2N2,candidate,C4H2F2N2,23300,23809,def2-tzvp,0,0,Angstrom,"F  0.009047723900  0.011792011600  0.003852747000
C -0.001055211000  1.334564684500  0.010504806300
C -1.192432600000  2.052701617100  0.029611543400
N -1.242241990700  3.383583907800  0.036826020300
N -0.112881690800  4.084770640100  0.025533697900
C  1.057648325800  3.449711212600  0.007115837600
C  1.172656151100  2.063287938800 -0.001229892100
F  2.353534266700  1.467415784000 -0.019592537300
H -2.141641893800  1.526040530700  0.039412522100
H  1.950694098800  4.066850852700 -0.001505365100",QM9 qsGW input / source EOM CSV retained separately,QM9 qsGW-BSE singlet-singlet,4.25917921,0.15652194899214172,"[4.25917921, 4.70321293, 5.59390437, 6.21701495, 6.3426791]","[0.15652194899214172, 0.1728398872252763, 0.20557219391293435, 0.22847108536841362, 0.23308915770269342]","[3.30289252, 3.76105386, 4.2219083, 4.51899611, 4.76425246]","[0.00415884, 0.0, 0.00463053, 2.1e-07, 0.01728372]","[""-0.00661279"", ""0.00248659"", ""-0.50738134"", ""-0.00001187"", ""0.00006148"", ""-0.00001184"", ""0.24642000"", ""-0.39690669"", ""-0.00516626"", ""-0.00154048"", ""0.00252609"", ""0.00004656"", ""0.72016013"", ""0.44709310"", ""-0.00715868""]",5,QM9_xyz_files/mol_23809.xyz,E_exc_SS/mol_23809.dat,E_exc_ST/mol_23809.dat,osc_stren/mol_23809.dat,trans_dip_mom/mol_23809.dat,4.393085569117847,"[4.393085569117847, 4.734538429292911, 5.572928757410257]",geometry_matched_to_qm9_mol_23809; qm9_source=qm9randdiv60_23300_C4H2F2N2; generated=2026-07-15
qm9randdiv60_8448_C4N2O2,candidate,C4N2O2,8448,8720,def2-tzvp,0,0,Angstrom,"O -0.028781378300 -0.043360123600  0.000143130300
C -0.017450236200  1.156641139400  0.005628600500
C  1.211387233600  1.954313902300  0.001617221800
N  2.198413542200  2.555785319800 -0.001759751200
C -1.312520935600  1.988283983100  0.017646006800
O -1.301192406000  3.188285238500  0.023183916400
C -2.541359723500  1.190611242300  0.021605649300
N -3.528389476300  0.589145338000  0.024998116000",QM9 qsGW input / source EOM CSV retained separately,QM9 qsGW-BSE singlet-singlet,3.10701507,0.11418069781204525,"[3.10701507, 4.49512845, 5.56849654, 5.83543793, 6.28751098]","[0.11418069781204525, 0.16519292363000265, 0.2046384733824801, 0.21444838852560727, 0.23106176668698827]","[2.40723119, 3.78183602, 4.123298, 4.33749253, 5.17406403]","[7.519e-05, 0.0, 1.99e-06, 2e-08, 0.0]","[""0.00060102"", ""-0.00030897"", ""0.07988351"", ""-0.00032016"", ""-0.00020428"", ""0.00001797"", ""0.00017985"", ""-0.00024258"", ""-0.00971431"", ""0.00014836"", ""-0.00035551"", ""-0.00082337"", ""-0.00006685"", ""-0.00015055"", ""0.00007857""]",5,QM9_xyz_files/mol_8720.xyz,E_exc_SS/mol_8720.dat,E_exc_ST/mol_8720.dat,osc_stren/mol_8720.dat,trans_dip_mom/mol_8720.dat,3.222891242418585,"[3.222891242418585, 4.503916354370819, 6.413650776016248]",geometry_matched_to_qm9_mol_8720; qm9_source=qm9randdiv60_8448_C4N2O2; generated=2026-07-15
qm9randdiv60_3830_C2HN3O2,candidate,C2HN3O2,3830,3899,def2-tzvp,0,0,Angstrom,"O -0.204375609400 -0.019588137600  0.317058281300
C -0.858727879900  0.929957457300  0.192304566100
N -1.657519879000  1.840056539800  0.032508372400
C -1.511184070900  3.233498235700  0.138283358100
O -0.497505436500  3.806573581000  0.424712993700
N  3.017107052900  3.078080116500 -0.331748676600
N  2.162990476800  2.420973231600 -0.544792171600
H -2.462804103900  3.738999535700 -0.077434913400",QM9 qsGW input / source EOM CSV retained separately,QM9 qsGW-BSE singlet-singlet,5.03797139,0.1851420337228424,"[5.03797139, 6.75689239, 6.86432164, 7.04733518, 8.26182867]","[0.1851420337228424, 0.24831121534634146, 0.25225916746568045, 0.25898479100964755, 0.3036166035538932]","[4.42618319, 5.00720591, 6.26082884, 6.38783697, 6.73158824]","[0.00073852, 0.1023571, 0.0007645, 0.00286953, 0.23527682]","[""-0.02941128"", ""-0.00625435"", ""0.19429721"", ""-0.32878926"", ""-1.96560755"", ""-0.15142422"", ""0.00758353"", ""0.12252787"", ""0.11957550"", ""-0.09050011"", ""0.02358231"", ""0.31404791"", ""0.80558516"", ""-2.61753984"", ""0.09488227""]",5,QM9_xyz_files/mol_3899.xyz,E_exc_SS/mol_3899.dat,E_exc_ST/mol_3899.dat,osc_stren/mol_3899.dat,trans_dip_mom/mol_3899.dat,5.012565182082121,"[5.012565182082121, 6.898238621804292, 6.978845317387441]",geometry_matched_to_qm9_mol_3899; qm9_source=qm9randdiv60_3830_C2HN3O2; generated=2026-07-15
qm9randdiv60_23_C3HN,candidate,C3HN,23,24,def2-tzvp,0,0,Angstrom,"C  0.015103895800  0.000000000000  1.000000000000
C  1.382331493100  0.000000000000  1.000000000000
C -1.188625246200  0.000000000000  1.000000000000
H -2.251772011500  0.000000000000  1.000000000000
N  2.542961868900  0.000000000000  1.000000000000",QM9 qsGW input / source EOM CSV retained separately,QM9 qsGW-BSE singlet-singlet,5.47788666,0.20130862171006267,"[5.47788666, 5.83607739, 5.83608148, 7.9001546, 8.38264919]","[0.20130862171006267, 0.2144718882471657, 0.2144720385518934, 0.2903253266328828, 0.30805667576880336]","[4.02872342, 4.82003637, 4.82005732, 5.47788666, 6.34914127]","[0.0, 0.0, 0.0, 0.0, 1.1e-07]","[""-0.00000018"", ""-0.00000841"", ""-0.00003055"", ""-0.00000729"", ""0.00000170"", ""-0.00003009"", ""0.00003261"", ""-0.00002867"", ""0.00000048"", ""-0.00002710"", ""-0.00008678"", ""-0.00025514"", ""0.00104062"", ""0.00053700"", ""0.00139822""]",5,QM9_xyz_files/mol_24.xyz,E_exc_SS/mol_24.dat,E_exc_ST/mol_24.dat,osc_stren/mol_24.dat,trans_dip_mom/mol_24.dat,6.210013161939425,"[6.210013161939425, 6.4897714624196485, 6.4897714624196485]",geometry_matched_to_qm9_mol_24; qm9_source=qm9randdiv60_23_C3HN; generated=2026-07-15
qm9randdiv60_3775_C2H2N4O,candidate,C2H2N4O,3775,3838,def2-tzvp,0,0,Angstrom,"N -0.223933360200  1.304017913100 -0.294426538000
C -0.821326830800  0.272825350600 -0.095546624500
N -1.605112048100 -0.666279555700  0.047239689300
C -1.405363361600 -1.979045573100 -0.411733077000
O -0.346365029600 -2.463875581100 -0.710575203600
N  2.945307766600 -1.910420692300  0.130255321200
N  2.372470731300 -0.988330544000  0.297665287400
H  0.633649372400  1.560315781100  0.172172285300
H -2.354231109900 -2.536038948500 -0.432120040100",QM9 qsGW input / source EOM CSV retained separately,QM9 qsGW-BSE singlet-singlet,4.86371312,0.17873816041684013,"[4.86371312, 5.93613235, 6.2516333, 6.96719271, 7.9029816]","[0.17873816041684013, 0.218148840207478, 0.2297432862657532, 0.2560396095596648, 0.2904292169666734]","[4.30742503, 4.64374051, 5.40798874, 5.87830214, 6.27947654]","[0.00186687, 0.02500821, 0.06619603, 0.01563808, 0.3597541]","[""-0.06857784"", ""0.27214442"", ""-0.14983814"", ""-0.10770894"", ""1.03241095"", ""0.18290720"", ""0.21871924"", ""1.65088399"", ""0.13761599"", ""-0.01510790"", ""0.75351696"", ""-0.15447637"", ""-0.99745871"", ""-3.30233990"", ""-0.32173998""]",5,QM9_xyz_files/mol_3838.xyz,E_exc_SS/mol_3838.dat,E_exc_ST/mol_3838.dat,osc_stren/mol_3838.dat,trans_dip_mom/mol_3838.dat,4.81880425935698,"[4.81880425935698, 6.01351885432812, 6.381087648640138]",geometry_matched_to_qm9_mol_3838; qm9_source=qm9randdiv60_3775_C2H2N4O; generated=2026-07-15
qm9randdiv60_1078_C6H14O,candidate,C6H14O,1078,1106,def2-tzvp,0,0,Angstrom,"C  0.115169419400  1.544124852500 -0.018516929000
C -0.021153074600  0.021496378500  0.058737456500
O  0.713346639500 -0.480960621800  1.176527745700
C -1.479192921500 -0.529505299600  0.039097589900
C -2.214734987600 -0.029535322700 -1.217707774900
C -1.402702317700 -2.067653090100 -0.004919578300
C -2.254789351700 -0.099929982900  1.297997599100
H  1.174939407300  1.811633908400  0.014738153100
H -0.310097091400  1.949229810100 -0.940226243300
H -0.381979819700  2.037985868200  0.824759085900
H  0.491080071200 -0.410506384500 -0.811043403100
H  0.436390426900  0.013211683700  1.955053644600
H -1.638147994600 -0.242229835600 -2.125558608300
H -3.182571092400 -0.532234523100 -1.318229048500
H -2.406683589000  1.047207632000 -1.184744211400
H -0.819966319100 -2.450638528100  0.835838790400
H -2.404462313000 -2.508978136800  0.032966595100
H -0.922602229500 -2.409672045200 -0.929026685600
H -2.356566034500  0.987835704900  1.370966684200
H -3.265862189100 -0.520078929000  1.283859552500
H -1.768473708900 -0.462760988800  2.209826965300",QM9 qsGW input / source EOM CSV retained separately,QM9 qsGW-BSE singlet-singlet,7.70872921,0.2832905733031724,"[7.70872921, 8.76889923, 9.14470526, 9.3746171, 9.43859573]","[0.2832905733031724, 0.322251102929123, 0.33606171980114685, 0.3445108240813045, 0.3468619953675315]","[7.33783184, 8.57004267, 8.84332894, 9.17015554, 9.17789773]","[0.01153536, 0.01374057, 0.00565125, 0.02290152, 0.10885185]","[""-0.44803264"", ""-0.44022263"", ""0.00833782"", ""-0.62323244"", ""-0.05369469"", ""0.14800107"", ""-0.35067458"", ""0.01759256"", ""0.19919394"", ""-0.46414816"", ""-0.53721978"", ""0.37437603"", ""-1.20509313"", ""-1.25500249"", ""-0.11770231""]",5,QM9_xyz_files/mol_1106.xyz,E_exc_SS/mol_1106.dat,E_exc_ST/mol_1106.dat,osc_stren/mol_1106.dat,trans_dip_mom/mol_1106.dat,8.056078371043242,"[8.056078371043242, 9.283701666317926, 9.756822144087261]",geometry_matched_to_qm9_mol_1106; qm9_source=qm9randdiv60_1078_C6H14O; generated=2026-07-15
qm9randdiv60_324_C3H2N2O,candidate,C3H2N2O,324,334,def2-tzvp,0,0,Angstrom,"O -0.046205933200  1.439623560000  0.010252728000
C  0.037607546400  0.037589989500  0.001912791000
C  0.691850382100 -0.484241230200 -1.219076332200
N  1.199583060800 -0.855706067600 -2.186881451400
C  0.714961129000 -0.497276367000  1.204520343400
N  1.241019684800 -0.879076824100  2.158415600100
H  0.846647543100  1.807308737200  0.003724511600
H -0.997351682900 -0.324245827700  0.009835399400",QM9 qsGW input / source EOM CSV retained separately,QM9 qsGW-BSE singlet-singlet,7.76611506,0.2853994643931462,"[7.76611506, 7.81124081, 8.05538067, 8.34832935, 8.42543122]","[0.2853994643931462, 0.28705780511831425, 0.29602977948937353, 0.3067954449116264, 0.3096288863726019]","[6.03140926, 6.08001834, 6.93073841, 6.96903546, 7.02601994]","[0.00018053, 0.00047561, 0.02103561, 0.00078051, 0.01043036]","[""0.00078415"", ""-0.00016992"", ""0.07829014"", ""0.04278649"", ""-0.11926691"", ""-0.00095277"", ""-0.00787139"", ""0.00494553"", ""-0.82977605"", ""0.00096548"", ""0.00142516"", ""0.15700661"", ""0.20649127"", ""-0.53269634"", ""-0.00665417""]",5,QM9_xyz_files/mol_334.xyz,E_exc_SS/mol_334.dat,E_exc_ST/mol_334.dat,osc_stren/mol_334.dat,trans_dip_mom/mol_334.dat,8.067198908600126,"[8.067198908600126, 8.383876802312278, 8.386387567654216]",geometry_matched_to_qm9_mol_334; qm9_source=qm9randdiv60_324_C3H2N2O; generated=2026-07-15
qm9randdiv60_13062_C6H7NO,candidate,C6H7NO,13062,13358,def2-tzvp,0,0,Angstrom,"C -0.078925087400  1.442145462500 -0.034598690000
C -0.013323109900 -0.008759229600 -0.009875817800
C  0.049027218300 -1.211167765500  0.007670693800
C  0.115533003100 -2.630961501000  0.031049596700
N  1.119803677300 -3.335486091600 -0.315487938000
C  0.726640842000 -4.737194047100 -0.123183047100
C -0.728090915700 -4.673978865400  0.411060537200
O -1.016205509200 -3.260357542600  0.469624786600
H  0.689095080400  1.879716024000  0.612375324700
H  0.082849544700  1.824012110200 -1.048453203100
H -1.054775770700  1.800047212300  0.309638933700
H  0.803441782200 -5.277631692200 -1.072917211600
H  1.412836971400 -5.221808572000  0.579847332200
H -1.458974079100 -5.144959103100 -0.252378254200
H -0.843662757400 -5.088684969100  1.416458307100",QM9 qsGW input / source EOM CSV retained separately,QM9 qsGW-BSE singlet-singlet,5.85992846,0.2153483989028298,"[5.85992846, 6.13390209, 6.29174099, 6.96309984, 7.10967214]","[0.2153483989028298, 0.22541674409933352, 0.23121721668728448, 0.25588919936141175, 0.26127563203613846]","[3.86809452, 5.26090405, 5.31676524, 5.60478294, 6.04803298]","[2.798e-05, 0.28442487, 0.00460633, 0.04427961, 0.00093843]","[""0.01274138"", ""0.00443766"", ""0.03282101"", ""-1.24936459"", ""3.24721106"", ""0.34959360"", ""0.13642928"", ""0.02396330"", ""0.41698002"", ""-1.13273029"", ""-0.45705050"", ""0.43003675"", ""0.06825890"", ""0.00524622"", ""0.17355047""]",5,QM9_xyz_files/mol_13358.xyz,E_exc_SS/mol_13358.dat,E_exc_ST/mol_13358.dat,osc_stren/mol_13358.dat,trans_dip_mom/mol_13358.dat,6.142070546360225,"[6.142070546360225, 6.655759750900275, 6.668073471340857]",geometry_matched_to_qm9_mol_13358; qm9_source=qm9randdiv60_13062_C6H7NO; generated=2026-07-15
qm9randdiv60_4771_C4H4O4,candidate,C4H4O4,4771,4901,def2-tzvp,0,0,Angstrom,"O  0.485404680400  0.719344948400 -0.779280103000
C -0.038118298100  0.078552230600  0.365004167700
C -1.420958057800 -0.424775841600  0.116084449700
C -2.158995816400 -0.544452343300 -0.984766059600
O -3.393951733300 -1.068305704600 -0.642056867200
C -3.390950291500 -1.271957494500  0.708941772100
O -4.282858827700 -1.712906946600  1.356242016300
O -2.168533652800 -0.871415894200  1.191590132500
H -0.001474693400  1.540607853400 -0.907383653400
H  0.635508666400 -0.757053418000  0.588550110100
H -0.042759276100  0.726480433200  1.254875259100
H -1.976296099900 -0.333794272800 -2.022213934300",QM9 qsGW input / source EOM CSV retained separately,QM9 qsGW-BSE singlet-singlet,6.98435494,0.2566703098791875,"[6.98435494, 7.12321716, 7.32898596, 7.48692174, 7.5249445]","[0.2566703098791875, 0.2617734023399942, 0.26933526626489207, 0.27513929912717544, 0.27653660978442307]","[4.27431147, 5.96588829, 6.73661119, 7.01344147, 7.53420835]","[0.02771525, 0.20387818, 0.01018253, 0.00597046, 0.15397814]","[""0.30819139"", ""0.97170533"", ""0.08491991"", ""-1.98389932"", ""-0.37924660"", ""-1.86220082"", ""-0.05326190"", ""0.17205327"", ""-0.57786696"", ""-0.33990082"", ""-0.17251976"", ""0.25493369"", ""1.69989065"", ""0.84967641"", ""-1.33578072""]",5,QM9_xyz_files/mol_4901.xyz,E_exc_SS/mol_4901.dat,E_exc_ST/mol_4901.dat,osc_stren/mol_4901.dat,trans_dip_mom/mol_4901.dat,7.406652487862532,"[7.406652487862532, 7.564878701076381, 7.969841987766175]",geometry_matched_to_qm9_mol_4901; qm9_source=qm9randdiv60_4771_C4H4O4; generated=2026-07-15
qm9randdiv60_41_C2H6O2,candidate,C2H6O2,41,42,def2-tzvp,0,0,Angstrom,"O -0.014187345200  1.426422416600 -0.054236510700
C -0.003918394000  0.007177143200  0.034960621600
C -1.423170190800 -0.555606001300 -0.012566392600
O -2.112294131600 -0.105638748200 -1.172283127700
H -0.189878821100  1.641547051100 -0.975551480100
H  0.596595041400 -0.433154295200 -0.774090949800
H  0.473111157200 -0.249037331900  0.987472159600
H -1.394948591000 -1.649752792400 -0.062831881300
H -1.964974171900 -0.272169154300  0.901319720100
H -2.359259913000  0.809443962500 -1.006145969200",QM9 qsGW input / source EOM CSV retained separately,QM9 qsGW-BSE singlet-singlet,7.40959483,0.27229758759873757,"[7.40959483, 8.11130119, 8.81585114, 9.34876736, 9.40578449]","[0.27229758759873757, 0.29808482069508374, 0.32397655379647533, 0.34356086365788757, 0.3456562045377888]","[7.00378877, 7.62182389, 8.49640536, 8.92111545, 9.01093946]","[0.00119024, 0.02873847, 0.03814859, 0.00053583, 0.11087282]","[""0.06076738"", ""-0.16354149"", ""0.10918184"", ""-0.90637852"", ""-0.33571718"", ""0.00768747"", ""0.31853610"", ""-0.84777472"", ""0.56648624"", ""-0.03514602"", ""0.09758918"", ""-0.06599339"", ""1.40130145"", ""-0.18116382"", ""-1.05448407""]",5,QM9_xyz_files/mol_42.xyz,E_exc_SS/mol_42.dat,E_exc_ST/mol_42.dat,osc_stren/mol_42.dat,trans_dip_mom/mol_42.dat,7.746107248605387,"[7.746107248605387, 8.41145838267744, 9.583123306747208]",geometry_matched_to_qm9_mol_42; qm9_source=qm9randdiv60_41_C2H6O2; generated=2026-07-15
qm9randdiv60_475_C5HN,candidate,C5HN,475,485,def2-tzvp,0,0,Angstrom,"C  0.053544575900 -3.757088749200 -0.017701632500
C  0.036918803000 -2.549068308600 -0.011414222100
C  0.018307057700 -1.195986893700 -0.004499561800
C  0.001910119700  0.018500600300  0.002111150500
C -0.016837075300  1.378030361500  0.009160842800
N -0.032731073400  2.541117714000  0.015756998300
H  0.068923812400 -4.819689514200 -0.022344305300",QM9 qsGW input / source EOM CSV retained separately,QM9 qsGW-BSE singlet-singlet,4.28420146,0.1574414997189515,"[4.28420146, 4.5582842, 4.55828937, 6.41403501, 6.79682485]","[0.1574414997189515, 0.1675138546339978, 0.1675140446279934, 0.23571143902842048, 0.2497787061841479]","[3.0523675, 3.74841824, 3.74843838, 4.28420146, 5.09358849]","[1e-08, 6e-08, 5e-08, 3e-08, 1.019e-05]","[""0.00076771"", ""0.00007150"", ""-0.00043255"", ""0.00143042"", ""-0.00052058"", ""0.00099377"", ""-0.00096650"", ""0.00003320"", ""0.00145873"", ""0.00088778"", ""0.00020532"", ""-0.00049800"", ""-0.00033414"", ""-0.01987861"", ""0.00027769""]",5,QM9_xyz_files/mol_485.xyz,E_exc_SS/mol_485.dat,E_exc_ST/mol_485.dat,osc_stren/mol_485.dat,trans_dip_mom/mol_485.dat,4.969469145840441,"[4.969469145840441, 5.1958113571253435, 5.195813544156658]",geometry_matched_to_qm9_mol_485; qm9_source=qm9randdiv60_475_C5HN; generated=2026-07-15
qm9randdiv60_503_C5H4O,candidate,C5H4O,503,513,def2-tzvp,0,0,Angstrom,"O -0.000912910900  1.462036471400  0.009925221400
C  0.000907187500  0.041388216300  0.002362903200
C -1.368132368900 -0.451973985900  0.012780971800
C -2.493596264900 -0.894174939500  0.021118981300
C -3.761728169700 -1.387194203600  0.030577730600
C -4.886007469200 -1.827365359000  0.039049181600
H  0.917775256500  1.750023009200  0.003285203100
H  0.512440361900 -0.356196037900 -0.889840322400
H  0.529300049500 -0.365602735900  0.880382418200
H -5.875942621800 -2.210939585000  0.046518341200",QM9 qsGW input / source EOM CSV retained separately,QM9 qsGW-BSE singlet-singlet,5.07115351,0.18636145414119365,"[5.07115351, 5.41566916, 5.44479515, 7.13727103, 7.48149252]","[0.18636145414119365, 0.19902217075759884, 0.20009253114779374, 0.26228987253643893, 0.27493977897223293]","[3.80087311, 4.51104548, 4.53144886, 5.11974709, 6.09882033]","[4.56e-06, 0.00054435, 4.904e-05, 0.00081445, 0.00254156]","[""0.00071128"", ""0.00003251"", ""0.01537847"", ""-0.11401273"", ""0.11620123"", ""0.00193142"", ""0.00145688"", ""-0.00014414"", ""0.04871105"", ""0.00404707"", ""0.00258437"", ""-0.17340121"", ""0.02184302"", ""0.00866612"", ""0.29837831""]",5,QM9_xyz_files/mol_513.xyz,E_exc_SS/mol_513.dat,E_exc_ST/mol_513.dat,osc_stren/mol_513.dat,trans_dip_mom/mol_513.dat,5.552798184411033,"[5.552798184411033, 5.918787318764018, 6.015641443835929]",geometry_matched_to_qm9_mol_513; qm9_source=qm9randdiv60_503_C5H4O; generated=2026-07-15
qm9randdiv60_2674_C4H10O3,candidate,C4H10O3,2674,2731,def2-tzvp,0,0,Angstrom,"O -0.020969336100  1.374393911100 -0.101635080700
C  0.013309737900 -0.037978346100 -0.131187818700
C -1.386022952900 -0.629497979300 -0.075207678800
O -2.079905255000 -0.147429737600 -1.214143008000
C -3.455470402800 -0.490121991900 -1.251872280300
C -3.985362070500 -0.029851684500 -2.600388879000
O -3.309459372900 -0.666056325800 -3.665877225200
H -0.663673956300  1.635204917700 -0.771577869500
H  0.523746038900 -0.411825165600 -1.033635402600
H  0.588522618300 -0.368156961900  0.739842387600
H -1.350168135900 -1.730729114700 -0.076156754400
H -1.895549426200 -0.300407909700  0.843591178300
H -3.574931154100 -1.580240400200 -1.154539731700
H -4.001860383500 -0.006525768800 -0.426285175000
H -5.045916240200 -0.287224131900 -2.687397958500
H -3.898454577100  1.067057070700 -2.663245185900
H -2.369132581500 -0.566424651700 -3.476728417700",QM9 qsGW input / source EOM CSV retained separately,QM9 qsGW-BSE singlet-singlet,8.0594749,0.29618023966670476,"[8.0594749, 8.09881986, 8.25493167, 8.95076308, 8.97604057]","[0.29618023966670476, 0.2976261402777331, 0.3033631434788477, 0.328934476144878, 0.32986340676867987]","[7.62697936, 7.64818493, 7.93781436, 8.58565195, 8.62413077]","[0.00433317, 0.01377709, 0.01969479, 0.04472371, 0.00305259]","[""-0.32805556"", ""0.02846933"", ""-0.18260928"", ""-0.30050248"", ""-0.35783489"", ""0.47982866"", ""-0.36070422"", ""0.65379127"", ""0.26755580"", ""-0.24069695"", ""0.95822629"", ""0.58435577"", ""0.09464708"", ""0.22703744"", ""-0.17080695""]",5,QM9_xyz_files/mol_2731.xyz,E_exc_SS/mol_2731.dat,E_exc_ST/mol_2731.dat,osc_stren/mol_2731.dat,trans_dip_mom/mol_2731.dat,8.53391967369494,"[8.53391967369494, 8.564415478312739, 8.708207970064253]",geometry_matched_to_qm9_mol_2731; qm9_source=qm9randdiv60_2674_C4H10O3; generated=2026-07-15
qm9randdiv60_8837_C4H4N2O2,candidate,C4H4N2O2,8837,9109,def2-tzvp,0,0,Angstrom,"C  0.091176149400  1.364783186200 -0.093632457100
N -0.024087467300 -0.069360335900 -0.276529995900
C -1.111022622400 -0.606996273700  0.020334932800
O -1.213161086800 -1.983462920400 -0.158197929900
C -2.381996041800 -2.573053341700  0.160267350700
O -3.369351895100 -2.047150651300  0.588312634000
C -2.286303909700 -4.012024754000 -0.097016089900
N -2.270715443300 -5.152116326900 -0.279264150700
H  0.922018008400  1.567934800900  0.589494679100
H  0.346649431600  1.823696528600 -1.054051371900
H -0.818127831700  1.842543137200  0.299142421100
H -2.019940811300 -0.146928638800  0.410185027800",QM9 qsGW input / source EOM CSV retained separately,QM9 qsGW-BSE singlet-singlet,5.32918997,0.19584411914279914,"[5.32918997, 5.80807278, 6.74304043, 6.74735888, 7.39076209]","[0.19584411914279914, 0.21344273781187212, 0.24780216520553716, 0.24796086531588662, 0.2716054971690272]","[4.65738594, 4.704435, 5.0318227, 5.11305308, 5.76497482]","[0.00017202, 0.00059525, 0.37348328, 0.00019364, 0.07970125]","[""0.03052116"", ""-0.01359180"", ""0.08599652"", ""-0.05427710"", ""0.02479651"", ""-0.15318209"", ""2.64238278"", ""2.71502061"", ""-0.50217912"", ""-0.04389309"", ""-0.06226749"", ""0.04199995"", ""0.54850690"", ""-1.53346567"", ""-0.43740007""]",5,QM9_xyz_files/mol_9109.xyz,E_exc_SS/mol_9109.dat,E_exc_ST/mol_9109.dat,osc_stren/mol_9109.dat,trans_dip_mom/mol_9109.dat,5.411009101624532,"[5.411009101624532, 5.8936470558048395, 7.126363765427677]",geometry_matched_to_qm9_mol_9109; qm9_source=qm9randdiv60_8837_C4H4N2O2; generated=2026-07-15
qm9randdiv60_180_CF4,candidate,CF4,180,184,def2-tzvp,0,0,Angstrom,"F  0.001092182100  0.073545105100  0.002499628800
C -0.016888755400  1.394768434900  0.009692655000
F  1.222771373100  1.852213416900  0.000313891200
F -0.655970153600  1.832502745600 -1.060912584300
F -0.635402616100  1.820857587600  1.096906309300",QM9 qsGW input / source EOM CSV retained separately,QM9 qsGW-BSE singlet-singlet,13.51712199,0.49674507089814074,"[13.51712199, 13.5171854, 13.51720907, 14.59728641, 14.59734763]","[0.49674507089814074, 0.4967474011726599, 0.4967482710291158, 0.5364403811714002, 0.5364426309649039]","[13.15822349, 13.15856608, 13.1589348, 13.97333744, 13.97339295]","[5e-08, 3e-08, 2e-08, 0.19519157, 0.19535832]","[""-0.00030656"", ""0.00084211"", ""0.00048936"", ""-0.00023928"", ""-0.00002288"", ""-0.00067463"", ""0.00028897"", ""0.00000915"", ""-0.00046611"", ""1.64463645"", ""0.71215858"", ""0.56045820"", ""-0.90408764"", ""1.21072846"", ""1.11618626""]",5,QM9_xyz_files/mol_184.xyz,E_exc_SS/mol_184.dat,E_exc_ST/mol_184.dat,osc_stren/mol_184.dat,trans_dip_mom/mol_184.dat,15.936475494982469,"[15.936475494982469, 15.936923505615626, 15.937581031453904]",geometry_matched_to_qm9_mol_184; qm9_source=qm9randdiv60_180_CF4; generated=2026-07-15
qm9randdiv60_114_C4H6O,candidate,C4H6O,114,118,def2-tzvp,0,0,Angstrom,"C -0.013250563800  1.454208937300 -0.009391269100
C -0.018841964600 -0.000544704600  0.027308287000
C -0.030975014000 -1.203357880600  0.054533586300
C -0.022405705500 -2.659470381600  0.097152143300
O -1.257122430400 -3.162734374000 -0.402576104500
H  0.795652663500  1.835901338000 -0.642039224300
H -0.957115047300  1.837873408400 -0.412014777700
H  0.116542012600  1.879736891800  0.991776301400
H  0.827310911400 -3.033558306300 -0.497626459600
H  0.148637589200 -2.989763608400  1.135117745700
H -1.212313961100 -4.123342030000 -0.358183138600",QM9 qsGW input / source EOM CSV retained separately,QM9 qsGW-BSE singlet-singlet,6.70654804,0.24646109460846755,"[6.70654804, 7.31127814, 7.3433084, 7.53044093, 7.64408907]","[0.24646109460846755, 0.26868451588268355, 0.26986160622679356, 0.276738599861309, 0.28091509197283293]","[5.46881547, 6.13885837, 6.32625947, 6.91384176, 7.16780195]","[0.00054342, 0.00750908, 0.01605095, 8.51e-05, 6.653e-05]","[""0.05600976"", ""-0.00368271"", ""-0.13496846"", ""0.19876883"", ""-0.01261462"", ""-0.48079539"", ""0.33421424"", ""0.67107193"", ""0.11980378"", ""-0.02151221"", ""0.00338978"", ""0.05005610"", ""0.01588308"", ""-0.00103007"", ""-0.04518575""]",5,QM9_xyz_files/mol_118.xyz,E_exc_SS/mol_118.dat,E_exc_ST/mol_118.dat,osc_stren/mol_118.dat,trans_dip_mom/mol_118.dat,7.148994073484623,"[7.148994073484623, 7.762029615256433, 7.765122079030084]",geometry_matched_to_qm9_mol_118; qm9_source=qm9randdiv60_114_C4H6O; generated=2026-07-15
qm9randdiv60_346_C3H4O3,candidate,C3H4O3,346,356,def2-tzvp,0,0,Angstrom,"C -0.042183645500  1.375084457800  0.059582776000
O  0.030527089300 -0.055387128000 -0.048930160400
C  0.655564905900 -0.518564071700 -1.143180583300
O  1.143468798900  0.150257948600 -2.011402661100
C  0.647395777600 -2.054605165800 -1.107831667600
O  1.146119699300 -2.710292453200 -1.976971600600
H  0.962326107000  1.804379898000  0.084957984300
H -0.583372003800  1.792414538800 -0.793017747700
H -0.571979194800  1.577287152800  0.989551506300
H  0.146941806100 -2.491617347400 -0.220714235900",QM9 qsGW input / source EOM CSV retained separately,QM9 qsGW-BSE singlet-singlet,3.66008623,0.13450568805694849,"[3.66008623, 5.30300797, 7.08151759, 8.24507978, 8.44083913]","[0.13450568805694849, 0.19488194838959616, 0.2602409714074779, 0.30300109319919855, 0.3101951166212454]","[2.94076294, 4.73807264, 4.98833861, 5.44288845, 7.59794071]","[9.98e-05, 0.00031076, 0.06223126, 0.00042, 0.04371295]","[""0.07358793"", ""0.00093895"", ""0.04212200"", ""0.10616676"", ""0.00345332"", ""0.06457103"", ""0.74214180"", ""-0.25796014"", ""-1.30384836"", ""0.10599143"", ""-0.00705040"", ""0.04635424"", ""0.15058796"", ""1.12386549"", ""-0.28262214""]",5,QM9_xyz_files/mol_356.xyz,E_exc_SS/mol_356.dat,E_exc_ST/mol_356.dat,osc_stren/mol_356.dat,trans_dip_mom/mol_356.dat,3.7085900096544653,"[3.7085900096544653, 5.374941629251536, 7.362881681571857]",geometry_matched_to_qm9_mol_356; qm9_source=qm9randdiv60_346_C3H4O3; generated=2026-07-15
qm9randdiv60_8085_C7H9N,candidate,C7H9N,8085,8357,def2-tzvp,0,0,Angstrom,"C -0.018559036400  1.462607862100  0.009147464500
C -0.001123785400  0.007728466500 -0.002686240900
C  0.013563055000 -1.197579468200 -0.012753525100
C  0.031656936300 -2.636287950700 -0.025140527200
C  0.694929062200 -3.628410699300  0.971194043600
N  0.056178321100 -4.590572664500 -0.042164235500
C -1.151202857500 -3.643232832000  0.027488483200
C  0.588633642100 -3.611696036600 -1.099872410200
H  0.997736114700  1.871938254200  0.008106022500
H -0.537603712500  1.860687267500 -0.869800858000
H -0.530065354400  1.846473262000  0.898762379800
H  1.786967451800 -3.672874866300  0.992737598600
H  0.269120698400 -3.700528513100  1.975417258700
H -1.715137391100 -3.716560239400  0.961039168900
H -1.807395792200 -3.701890773900 -0.844776570400
H  0.062617930500 -3.668099812600 -2.056469795400
H  1.672677187500 -3.654853715600 -1.233471787100",QM9 qsGW input / source EOM CSV retained separately,QM9 qsGW-BSE singlet-singlet,6.82401013,0.2507777467973033,"[6.82401013, 7.1723302, 7.1723936, 7.35854053, 7.3586238]","[0.2507777467973033, 0.26357827326998, 0.26358060317700593, 0.27042137667958505, 0.2704244367956426]","[5.35311396, 6.15090214, 6.15217889, 6.89727056, 7.11663064]","[4.92e-06, 0.00361891, 0.0037216, 0.01755283, 0.01753236]","[""-0.00197603"", ""-0.01364029"", ""0.00047027"", ""-0.15475101"", ""-0.00902900"", ""0.33018735"", ""0.33496736"", ""-0.00136380"", ""0.15691516"", ""-0.60397606"", ""-0.00298076"", ""-0.51402460"", ""-0.51517337"", ""-0.01025575"", ""0.60230209""]",5,QM9_xyz_files/mol_8357.xyz,E_exc_SS/mol_8357.dat,E_exc_ST/mol_8357.dat,osc_stren/mol_8357.dat,trans_dip_mom/mol_8357.dat,7.224644616308538,"[7.224644616308538, 7.523319793690546, 7.523362520840554]",geometry_matched_to_qm9_mol_8357; qm9_source=qm9randdiv60_8085_C7H9N; generated=2026-07-15
qm9randdiv60_19_CH4N2O,candidate,CH4N2O,19,20,def2-tzvp,0,0,Angstrom,"N  0.036052696600  1.360778727000 -0.124164025300
C -0.025911382200 -0.020765596200  0.002006450700
N  1.219684794800 -0.623342196800  0.119632218800
O -1.068228660400 -0.641745967700  0.008655729400
H  0.807494389800  1.834551483900  0.321449151500
H -0.858257752800  1.803734999900  0.022437695600
H  1.999271479200 -0.173030539800 -0.336024961800
H  1.182043274900 -1.621479010300 -0.021092338900",QM9 qsGW input / source EOM CSV retained separately,QM9 qsGW-BSE singlet-singlet,6.97733439,0.2564123094253872,"[6.97733439, 7.30346765, 7.30930912, 8.04536824, 8.56408555]","[0.2564123094253872, 0.26839748566932387, 0.26861215573233327, 0.29566182947354236, 0.31472433901682145]","[6.25531337, 6.63339182, 6.94918828, 6.95826628, 7.55330694]","[0.00208717, 0.03248911, 0.00131971, 0.06177308, 0.08043862]","[""-0.24047071"", ""-0.14509412"", ""0.00172854"", ""-0.18050550"", ""0.28706840"", ""-1.02861932"", ""0.18545591"", ""0.11445741"", ""-0.01080871"", ""-0.65803495"", ""1.11281516"", ""0.59441705"", ""-1.32327377"", ""-0.85190308"", ""0.00264492""]",5,QM9_xyz_files/mol_20.xyz,E_exc_SS/mol_20.dat,E_exc_ST/mol_20.dat,osc_stren/mol_20.dat,trans_dip_mom/mol_20.dat,6.837991326246887,"[6.837991326246887, 7.960780908586004, 7.968288674981448]",geometry_matched_to_qm9_mol_20; qm9_source=qm9randdiv60_19_CH4N2O; generated=2026-07-15
qm9randdiv60_23359_C3F3NO,candidate,C3F3NO,23359,23876,def2-tzvp,0,0,Angstrom,"F  0.041278138500  0.069667969600 -0.069090219700
C -0.017084598700  1.385067965000  0.009884437600
F  1.218569390500  1.889837230200  0.015673770300
F -0.668572719700  1.870064304500 -1.049313196800
C -0.751775928000  1.821581922200  1.303984012800
O -1.190143769900  1.041106398600  2.097296865500
C -0.856381861600  3.276540597100  1.460102580600
N -0.939019711100  4.422666072800  1.583499809800",QM9 qsGW input / source EOM CSV retained separately,QM9 qsGW-BSE singlet-singlet,4.17338902,0.15336921766032105,"[4.17338902, 6.13920668, 6.91691774, 7.56055143, 8.33434269]","[0.15336921766032105, 0.22561168418625327, 0.2541920384897634, 0.27784514032667906, 0.3062814446371251]","[3.44039445, 4.53952956, 5.63965, 5.98737196, 6.45030618]","[0.00043831, 4.038e-05, 0.10324349, 0.01230891, 3.567e-05]","[""0.14485637"", ""0.00151770"", ""0.08190928"", ""0.03628053"", ""0.00034626"", ""0.02044829"", ""0.09618646"", ""1.97038609"", ""-0.21058557"", ""0.57072768"", ""0.00662524"", ""0.32177353"", ""0.02829932"", ""-0.00225194"", ""0.01796190""]",5,QM9_xyz_files/mol_23876.xyz,E_exc_SS/mol_23876.dat,E_exc_ST/mol_23876.dat,osc_stren/mol_23876.dat,trans_dip_mom/mol_23876.dat,4.178563589188559,"[4.178563589188559, 6.991455550272856, 7.680187634785957]",geometry_matched_to_qm9_mol_23876; qm9_source=qm9randdiv60_23359_C3F3NO; generated=2026-07-15
qm9randdiv60_481_C4HNO,candidate,C4HNO,481,491,def2-tzvp,0,0,Angstrom,"O -0.071953385300 -0.037936193800  0.002851313100
C -0.021531344800  1.167001674700  0.007840998900
C  1.223254368500  1.910143872600  0.000167446600
C  2.252163578500  2.546816649400 -0.006027874400
C  3.413207742700  3.264011701700 -0.012987695500
N  4.399482316300  3.877227039900 -0.018781580100
H -0.928041076000  1.801175415500  0.018721641500",QM9 qsGW input / source EOM CSV retained separately,QM9 qsGW-BSE singlet-singlet,3.97788028,0.14618440398590468,"[3.97788028, 4.58288902, 5.25902972, 5.76487605, 7.22669585]","[0.14618440398590468, 0.16841806509125176, 0.19326577751162466, 0.21185528726416736, 0.26557617405711886]","[3.28038162, 3.43274668, 4.13649743, 4.4903904, 5.31898896]","[0.00013313, 1.47e-06, 0.07570981, 1.526e-05, 0.02602003]","[""-0.00087772"", ""0.00038884"", ""-0.09393813"", ""-0.00001329"", ""-0.00011008"", ""0.00920784"", ""1.47902000"", ""1.26834049"", ""-0.00728206"", ""0.00042869"", ""0.00002796"", ""0.02641481"", ""-0.90389889"", ""-0.36385154"", ""0.00597107""]",5,QM9_xyz_files/mol_491.xyz,E_exc_SS/mol_491.dat,E_exc_ST/mol_491.dat,osc_stren/mol_491.dat,trans_dip_mom/mol_491.dat,3.872618552493709,"[3.872618552493709, 5.378574786666168, 6.3728038877049515]",geometry_matched_to_qm9_mol_491; qm9_source=qm9randdiv60_481_C4HNO; generated=2026-07-15
qm9randdiv60_20189_C3H3N3O2,candidate,C3H3N3O2,20189,20525,def2-tzvp,0,0,Angstrom,"C -0.037626882300  1.500059115700  0.010126051000
C  0.037497760200 -0.006985316500  0.001756508000
O  1.064546832200 -0.638717473600 -0.009730052300
C -1.273101228700 -0.734796977500  0.009494314600
N -2.447585912200 -0.166014830200  0.022560594200
O -3.330047127500 -1.168237063700  0.025044294900
N -2.610244599400 -2.397447176300  0.012831161200
N -1.395077402200 -2.117189117700  0.003777973600
H  0.973277784100  1.907195534400  0.003643094800
H -0.594928482800  1.858078972100 -0.861726148300
H -0.580015081400  1.849081423400  0.894940658400",QM9 qsGW input / source EOM CSV retained separately,QM9 qsGW-BSE singlet-singlet,4.07914968,0.14990598579303996,"[4.07914968, 5.36814281, 6.0105792, 6.34715347, 6.61675749]","[0.14990598579303996, 0.1972756096096159, 0.22088471148309063, 0.23325358776735655, 0.2431613527581883]","[3.43765181, 3.76871196, 4.4137103, 5.14868206, 5.37741836]","[9.529e-05, 0.00410894, 0.00229366, 0.08609831, 0.00011151]","[""-0.00128198"", ""0.00017284"", ""-0.07847701"", ""-0.00389716"", ""0.00214577"", ""-0.44924711"", ""0.00374344"", ""-0.00097878"", ""0.31719615"", ""-1.71553575"", ""0.79600554"", ""0.01855748"", ""0.00109026"", ""-0.00065529"", ""-0.06665239""]",5,QM9_xyz_files/mol_20525.xyz,E_exc_SS/mol_20525.dat,E_exc_ST/mol_20525.dat,osc_stren/mol_20525.dat,trans_dip_mom/mol_20525.dat,4.110708367319103,"[4.110708367319103, 5.619238693887514, 6.341920502623573]",geometry_matched_to_qm9_mol_20525; qm9_source=qm9randdiv60_20189_C3H3N3O2; generated=2026-07-15
qm9randdiv60_4152_C3H2F3N,candidate,C3H2F3N,4152,4225,def2-tzvp,0,0,Angstrom,"F  0.008538147400  0.065350579800 -0.056005772200
C -0.020690239600  1.397677167300  0.012161939900
F  1.233839150400  1.846899561400 -0.058316942900
F -0.689824084000  1.856507253500 -1.051638196600
C -0.711900687000  1.874734724600  1.290098522900
C -0.034365693000  1.410438653900  2.495208553100
N  0.493899888200  1.047394916700  3.454813561300
H -0.738926526500  2.968033649700  1.273018533100
H -1.742525035900  1.508801173200  1.274902231300",QM9 qsGW input / source EOM CSV retained separately,QM9 qsGW-BSE singlet-singlet,8.09454686,0.2974691104240765,"[8.09454686, 8.67370341, 8.74611676, 9.72635792, 9.89093899]","[0.2974691104240765, 0.31875272107016733, 0.3214138625991358, 0.35743706079781357, 0.3634853035632576]","[6.30896119, 7.23354143, 7.28357965, 8.18859299, 9.51329075]","[0.00026286, 0.00365023, 0.00134707, 0.01714654, 0.00984504]","[""0.05318847"", ""0.07572020"", ""-0.00076641"", ""-0.01953336"", ""0.01750550"", ""0.33209384"", ""-0.11348179"", ""-0.16654132"", ""-0.00069944"", ""-0.49006799"", ""0.33439862"", ""0.33598066"", ""-0.28922777"", ""-0.42285797"", ""0.00359098""]",5,QM9_xyz_files/mol_4225.xyz,E_exc_SS/mol_4225.dat,E_exc_ST/mol_4225.dat,osc_stren/mol_4225.dat,trans_dip_mom/mol_4225.dat,8.66081790690121,"[8.66081790690121, 9.094575023205445, 9.170154413259981]",geometry_matched_to_qm9_mol_4225; qm9_source=qm9randdiv60_4152_C3H2F3N; generated=2026-07-15
qm9randdiv60_32227_C8H5N,candidate,C8H5N,32227,33269,def2-tzvp,0,0,Angstrom,"N  0.072694097100 -6.279856685700 -0.042932717500
C  0.060300145500 -5.115817886700 -0.033592323900
C  0.047181995700 -3.757743986200 -0.022299180800
C  0.036503868800 -2.540603742400 -0.011657784400
C  0.024856693100 -1.192416496500  0.000357093400
C  0.023208611300  0.022652725300  0.016943761400
C  0.009518826100  1.445620480900  0.028239740200
C  0.493668512700  2.204644174200  1.261459823000
C  1.323944817500  2.222505881600  0.019279263300
H -0.814829932900  1.896693151900 -0.516262127300
H -0.065624534700  3.093122608900  1.530300256300
H  0.837268673600  1.610050799700  2.099031820300
H  2.237072024600  1.640168211300  0.004782818800
H  1.346598381500  3.123509163800 -0.582516832800",QM9 qsGW input / source EOM CSV retained separately,QM9 qsGW-BSE singlet-singlet,4.06466396,0.14937364540181364,"[4.06466396, 4.38214671, 4.45530184, 6.24931951, 6.50775761]","[0.14937364540181364, 0.16104092126677655, 0.1637293227079485, 0.2296582560515964, 0.23915568105096052]","[3.0154117, 3.61464509, 3.65046128, 4.17427529, 5.12786887]","[2.861e-05, 0.00932248, 0.00012452, 0.00013695, 1.58604213]","[""-0.02393135"", ""-0.00043436"", ""0.03582332"", ""0.17773060"", ""0.71604850"", ""0.12911936"", ""-0.04755519"", ""-0.00049117"", ""0.07147111"", ""0.04220685"", ""-0.00404491"", ""-0.06309610"", ""-0.63023773"", ""-7.97375356"", ""-0.53798523""]",5,QM9_xyz_files/mol_33269.xyz,E_exc_SS/mol_33269.dat,E_exc_ST/mol_33269.dat,osc_stren/mol_33269.dat,trans_dip_mom/mol_33269.dat,4.65455764760317,"[4.65455764760317, 4.9514400555095355, 5.056854340059613]",geometry_matched_to_qm9_mol_33269; qm9_source=qm9randdiv60_32227_C8H5N; generated=2026-07-15
qm9randdiv60_23154_C7H7F,candidate,C7H7F,23154,23646,def2-tzvp,0,0,Angstrom,"C -0.011900486400  1.521930757400  0.013782041800
C -0.006396477800  0.012918316000 -0.000723406500
C -0.034733160100 -0.698426667000 -1.203100828600
C -0.008196064900 -2.091373633900 -1.209143852300
C  0.045168568900 -2.804851750600 -0.015776826200
C  0.070491181900 -2.088123185600  1.172661134800
F  0.118294524500 -2.755238729100  2.332943679000
C  0.044808337800 -0.702632118900  1.199546397300
H  0.985594367500  1.919242918900  0.237002674100
H -0.319030921300  1.928120045000 -0.953384993000
H -0.691306006300  1.912414161200  0.778001140800
H -0.078972939800 -0.156511771400 -2.142293809000
H -0.032470520600 -2.627755749700 -2.151882793400
H  0.063828980300 -3.887672878100  0.009129632100
H  0.063611956300 -0.194190514100  2.157569119100",QM9 qsGW input / source EOM CSV retained separately,QM9 qsGW-BSE singlet-singlet,5.24756774,0.19284455751583374,"[5.24756774, 6.06728205, 6.88630954, 6.96895328, 6.98991178]","[0.19284455751583374, 0.22296850278601849, 0.2530672078867465, 0.25610430931380757, 0.25687451998262606]","[3.68314136, 4.37122896, 4.5824169, 5.05635541, 6.84815317]","[0.01478264, 0.01151202, 0.47881385, 0.19904545, 0.54256085]","[""-0.00279531"", ""0.84947559"", ""0.14571708"", ""0.02288356"", ""0.64739496"", ""-0.28406908"", ""0.16030572"", ""-0.06010292"", ""4.27854667"", ""-0.04929464"", ""2.59013405"", ""0.90579056"", ""0.06253509"", ""-4.50679655"", ""0.39150550""]",5,QM9_xyz_files/mol_23646.xyz,E_exc_SS/mol_23646.dat,E_exc_ST/mol_23646.dat,osc_stren/mol_23646.dat,trans_dip_mom/mol_23646.dat,5.2044535620901975,"[5.2044535620901975, 6.788834563896553, 7.710276174395692]",geometry_matched_to_qm9_mol_23646; qm9_source=qm9randdiv60_23154_C7H7F; generated=2026-07-15
qm9randdiv60_1230_C4H5NO2,candidate,C4H5NO2,1230,1264,def2-tzvp,0,0,Angstrom,"N -0.069455804700  1.334345653700 -0.020568480300
C  0.058136024000 -0.025700370600 -0.019645126100
O  1.129517835800 -0.598332773100 -0.039603972700
C -1.214544088900 -0.733759932900 -0.006669046900
C -2.236873696100 -1.371375995400  0.005457501600
C -3.489351636300 -2.115290878300  0.018735614400
O -3.221049260900 -3.507504401100  0.042045585600
H  0.769538511500  1.888370307700  0.034026237300
H -0.964635503500  1.779423336700  0.080376927200
H -4.074893640400 -1.799777524700  0.898252980800
H -4.074977602500 -1.829146019400 -0.870679536200
H -4.067909988100 -3.965354342600  0.045775615400",QM9 qsGW input / source EOM CSV retained separately,QM9 qsGW-BSE singlet-singlet,5.39028609,0.19808936014036163,"[5.39028609, 6.29204631, 6.53607733, 6.92815469, 7.07889169]","[0.19808936014036163, 0.23122843699033116, 0.24019641156516489, 0.25460498878558513, 0.26014447136237684]","[4.66196644, 4.86598473, 5.06284778, 5.74347646, 5.8257025]","[0.00011587, 0.00031614, 0.09243902, 0.00012148, 0.12437287]","[""-0.00787131"", ""-0.06000953"", ""-0.04478311"", ""-0.04598643"", ""-0.10449699"", ""0.01466225"", ""-1.75701126"", ""-0.80123320"", ""0.01979254"", ""0.01963086"", ""-0.00016702"", ""0.06510159"", ""0.64172414"", ""-2.05035630"", ""-0.13147419""]",5,QM9_xyz_files/mol_1264.xyz,E_exc_SS/mol_1264.dat,E_exc_ST/mol_1264.dat,osc_stren/mol_1264.dat,trans_dip_mom/mol_1264.dat,5.361511239033207,"[5.361511239033207, 6.974904657240264, 7.061050321131255]",geometry_matched_to_qm9_mol_1264; qm9_source=qm9randdiv60_1230_C4H5NO2; generated=2026-07-15
qm9randdiv60_21337_C4HNO3,candidate,C4HNO3,21337,21778,def2-tzvp,0,0,Angstrom,"O  0.097831027900  0.005612732400  0.002730845800
C -0.001099280100  1.183839753700  0.009568834300
O -1.149806760400  1.918554893200  0.029487729200
N -0.833719889400  3.290546386100  0.031453846700
C  0.455672105500  3.318354209000  0.012830538200
O  1.042036900800  2.092056104400 -0.001085180400
C  1.255565392400  4.476463799800  0.006934503100
C  1.949564615000  5.456823580400  0.001711194400
H  2.560306848100  6.327235731000 -0.002853261200",QM9 qsGW input / source EOM CSV retained separately,QM9 qsGW-BSE singlet-singlet,5.86616694,0.21557765881423618,"[5.86616694, 5.92607828, 6.47238523, 6.95260604, 7.13758233]","[0.21557765881423618, 0.21777935994987138, 0.23785577006222086, 0.25550355932436486, 0.2623013126004322]","[3.47330663, 5.19860382, 5.34095427, 5.84606153, 5.91808874]","[0.00015001, 0.22340675, 2.131e-05, 0.00630197, 0.03614893]","[""0.00009715"", ""-0.00117220"", ""0.08210942"", ""2.40751241"", ""2.03577912"", ""-0.02500750"", ""-0.00030870"", ""-0.00096144"", ""0.02944509"", ""0.00716676"", ""-0.00096912"", ""0.48884424"", ""-1.13977132"", ""-0.19021025"", ""0.01627044""]",5,QM9_xyz_files/mol_21778.xyz,E_exc_SS/mol_21778.dat,E_exc_ST/mol_21778.dat,osc_stren/mol_21778.dat,trans_dip_mom/mol_21778.dat,6.619027254137393,"[6.619027254137393, 6.629415179759164, 6.838260574722967]",geometry_matched_to_qm9_mol_21778; qm9_source=qm9randdiv60_21337_C4HNO3; generated=2026-07-15
qm9randdiv60_474_C6H2,candidate,C6H2,474,484,def2-tzvp,0,0,Angstrom,"C  0.071981828200 -5.138503987900 -0.027858703600
C  0.054332857200 -3.929406699900 -0.016624833300
C  0.035845062400 -2.576568101000 -0.007917020100
C  0.019790248800 -1.359206544400 -0.000821484300
C  0.002155642400 -0.006335142000  0.003491875700
C -0.013724287300  1.202835961000  0.006031678400
H  0.088613829000 -6.199758761500 -0.041975973100
H -0.027348370700  2.264222675900  0.005415510300",QM9 qsGW input / source EOM CSV retained separately,QM9 qsGW-BSE singlet-singlet,4.09331539,0.15042656603367685,"[4.09331539, 4.34815178, 4.34815505, 6.85285966, 7.60901739]","[0.15042656603367685, 0.15979163063186774, 0.15979175080215124, 0.2518379474698895, 0.27962623150527144]","[2.90883798, 3.58491174, 3.58493378, 4.09331512, 4.82221356]","[0.0, 1e-08, 1e-08, 2.80511043, 0.01220101]","[""-0.00014150"", ""-0.00000272"", ""0.00000041"", ""0.00071670"", ""0.00035358"", ""0.00013736"", ""-0.00017223"", ""-0.00056701"", ""0.00057644"", ""-0.14004771"", ""10.38835819"", ""0.05591045"", ""-0.19298671"", ""-0.00397474"", ""0.62094995""]",5,QM9_xyz_files/mol_484.xyz,E_exc_SS/mol_484.dat,E_exc_ST/mol_484.dat,osc_stren/mol_484.dat,trans_dip_mom/mol_484.dat,4.743968311583382,"[4.743968311583382, 4.968050922021278, 4.968051275017529]",geometry_matched_to_qm9_mol_484; qm9_source=qm9randdiv60_474_C6H2; generated=2026-07-15
qm9randdiv60_3788_C2H5N5,candidate,C2H5N5,3788,3853,def2-tzvp,0,0,Angstrom,"N  0.114178473500  1.436273024800  0.078850798500
C  0.014290302200  0.053414970600  0.011243533900
C -1.095098544700 -0.769672517000 -0.000129217300
N -2.436237748100 -0.322558898900 -0.028768453100
N -0.671581877200 -2.066135555900  0.003238895400
N  0.625355669400 -2.105279881800  0.008934595700
N  1.054753179900 -0.809173197300  0.030314469800
H  0.769263635000  1.836959194600 -0.582130465500
H -0.804760332000  1.844111440000 -0.057282792600
H -2.893708267400 -0.471559429400  0.866575155000
H -2.968978400300 -0.848308462500 -0.714981324300
H  2.041660279800 -0.615133987100  0.073778984500",QM9 qsGW input / source EOM CSV retained separately,QM9 qsGW-BSE singlet-singlet,5.64439621,0.20742773480833598,"[5.64439621, 5.90305608, 6.25229943, 6.5789731, 6.90676979]","[0.20742773480833598, 0.216933309704879, 0.22976776609173405, 0.24177280203686766, 0.25381910820579096]","[3.95213067, 5.11624062, 5.37094096, 5.46759776, 5.70973704]","[0.01019772, 0.11157319, 0.04608592, 0.00343906, 0.01144786]","[""0.14700958"", ""-0.55575081"", ""0.38203706"", ""0.55588262"", ""-2.12431037"", ""-0.40303668"", ""0.27956325"", ""-1.21590903"", ""0.62220448"", ""0.14607102"", ""0.33999136"", ""-0.03022347"", ""-0.15611181"", ""0.61112360"", ""0.19807262""]",5,QM9_xyz_files/mol_3853.xyz,E_exc_SS/mol_3853.dat,E_exc_ST/mol_3853.dat,osc_stren/mol_3853.dat,trans_dip_mom/mol_3853.dat,6.109966278711812,"[6.109966278711812, 6.411538328170023, 6.761114761326017]",geometry_matched_to_qm9_mol_3853; qm9_source=qm9randdiv60_3788_C2H5N5; generated=2026-07-15
qm9randdiv60_32348_C5N4,candidate,C5N4,32348,33390,def2-tzvp,0,0,Angstrom,"N  0.017950212500 -1.168175219500 -0.004439772900
C  0.002239212100 -0.015398236200  0.001959323100
C -0.017912139400  1.467784831600  0.010118345300
C  1.373704585900  1.981251003200 -0.000368321500
N  2.455342620100  2.380213914400 -0.008611918800
C -0.735320489900  1.959133428000 -1.191634362400
N -1.292930718200  2.341028959800 -2.125663719100
C -0.712258432000  1.946160298800  1.230526363000
N -1.251823371100  2.317977509800  2.179103353300",QM9 qsGW input / source EOM CSV retained separately,QM9 qsGW-BSE singlet-singlet,7.68483216,0.28241237291367466,"[7.68483216, 7.7285021, 7.72856822, 7.72861312, 8.13670439]","[0.28241237291367466, 0.28401721360812615, 0.28401964347330844, 0.28402129351787414, 0.29901837107617635]","[5.86720451, 5.86726765, 5.86732261, 6.7622593, 6.76393144]","[4e-08, 3e-08, 1.2e-07, 1.6e-07, 2e-07]","[""0.00008022"", ""0.00115739"", ""0.00012706"", ""-0.00034863"", ""-0.00101642"", ""0.00006878"", ""-0.00161869"", ""0.00011298"", ""-0.00116570"", ""0.00000427"", ""-0.00231124"", ""0.00033340"", ""-0.00007430"", ""0.00239644"", ""-0.00083720""]",5,QM9_xyz_files/mol_33390.xyz,E_exc_SS/mol_33390.dat,E_exc_ST/mol_33390.dat,osc_stren/mol_33390.dat,trans_dip_mom/mol_33390.dat,8.465851232113337,"[8.465851232113337, 8.53542585551482, 8.53546442866674]",geometry_matched_to_qm9_mol_33390; qm9_source=qm9randdiv60_32348_C5N4; generated=2026-07-15
qm9randdiv60_21479_C3H5N3O2,candidate,C3H5N3O2,21479,21930,def2-tzvp,0,0,Angstrom,"O -0.135311354400  1.387511205500 -0.096814457400
C -0.016430705900 -0.018817675300  0.041204292200
C -1.400401133000 -0.581561351400  0.047457593800
N -1.741659755900 -1.861122664300  0.084055125100
C -3.101771608000 -1.795520205800  0.079740598700
O -3.872213152000 -2.891105924300  0.110866056500
N -3.628345536100 -0.585092587600  0.042013050500
N -2.499427761700  0.183541270300  0.023919794900
H  0.739432740100  1.778171690300 -0.025462764000
H  0.551668986400 -0.470481047800 -0.785393170800
H  0.491182794200 -0.298996720500  0.976440084200
H -3.272746938700 -3.646288204800  0.132621155200
H -2.550659845100  1.187539955800 -0.014782738700",QM9 qsGW input / source EOM CSV retained separately,QM9 qsGW-BSE singlet-singlet,6.6449934,0.24419900331170105,"[6.6449934, 6.90428811, 7.13431478, 7.1720355, 7.60908269]","[0.24419900331170105, 0.2537279081479341, 0.2621812323527572, 0.2635674432447348, 0.27962863123600956]","[4.53883376, 5.77463759, 6.22425808, 6.61555448, 6.73609363]","[0.11356659, 0.00093867, 0.00411461, 0.00410686, 0.05741213]","[""-2.03559593"", ""0.60182210"", ""-0.03011288"", ""0.12529413"", ""-0.06326658"", ""0.12708202"", ""0.01024230"", ""0.04475543"", ""-0.38726734"", ""-0.02528562"", ""0.06253570"", ""0.38268673"", ""-1.25906352"", ""-0.62128434"", ""0.13573218""]",5,QM9_xyz_files/mol_21930.xyz,E_exc_SS/mol_21930.dat,E_exc_ST/mol_21930.dat,osc_stren/mol_21930.dat,trans_dip_mom/mol_21930.dat,6.868253042212469,"[6.868253042212469, 7.224713790075814, 7.8594416028935]",geometry_matched_to_qm9_mol_21930; qm9_source=qm9randdiv60_21479_C3H5N3O2; generated=2026-07-15
qm9randdiv60_31_C2H4N2,candidate,C2H4N2,31,32,def2-tzvp,0,0,Angstrom,"N -0.036080988800  1.487625327300  0.036780723100
C -0.010394706500  0.025176054700 -0.015066079800
C -1.371809558000 -0.521089199200  0.027392719300
N -2.440266954600 -0.959564439400  0.033705189900
H  0.917297519800  1.835475473500  0.052026819400
H -0.471621778400  1.856772054100 -0.802755688600
H  0.489461606200 -0.408804013000 -0.897151684800
H  0.528271500300 -0.345333377900  0.864695471400",QM9 qsGW input / source EOM CSV retained separately,QM9 qsGW-BSE singlet-singlet,6.86626018,0.25233040749669083,"[6.86626018, 8.00111461, 8.52353676, 8.58183446, 8.66825406]","[0.25233040749669083, 0.29403553856723014, 0.3132341984692785, 0.3153765994286782, 0.3185524611513694]","[6.28570142, 6.43922896, 7.18552392, 7.23704707, 8.09316615]","[0.01969886, 0.00095362, 0.02777693, 0.00891456, 0.0131778]","[""0.48732250"", ""-0.05611217"", ""-0.71826271"", ""0.03581201"", ""0.08051625"", ""-0.15383036"", ""0.29819274"", ""-0.56598876"", ""-0.67088814"", ""0.01181552"", ""0.51732908"", ""0.07844155"", ""-0.38980083"", ""0.44186971"", ""-0.23171174""]",5,QM9_xyz_files/mol_32.xyz,E_exc_SS/mol_32.dat,E_exc_ST/mol_32.dat,osc_stren/mol_32.dat,trans_dip_mom/mol_32.dat,7.2389045794610665,"[7.2389045794610665, 8.61090367007087, 9.035801164630302]",geometry_matched_to_qm9_mol_32; qm9_source=qm9randdiv60_31_C2H4N2; generated=2026-07-15
qm9randdiv60_112_C4H3N,candidate,C4H3N,112,116,def2-tzvp,0,0,Angstrom,"C -0.017901073300  1.469578384700  0.010142319100
C  0.002070090700  0.020202174500  0.001956399400
C  0.018495353600 -1.187296707300 -0.004620411400
C  0.036659277600 -2.552162366700 -0.012017982800
N  0.052021879000 -3.713825951200 -0.018207160500
H  1.000081281400  1.873134477000  0.002623727500
H -0.543391590700  1.856778439500 -0.869145295300
H -0.526497338200  1.846887779600  0.903535774000",QM9 qsGW input / source EOM CSV retained separately,QM9 qsGW-BSE singlet-singlet,5.51430123,0.2026468324748806,"[5.51430123, 5.85828462, 5.86877706, 7.94101116, 7.94377393]","[0.2026468324748806, 0.21528798889706457, 0.2156735789550333, 0.2918267775193118, 0.291928307444139]","[4.13900796, 4.89189624, 4.90146621, 5.52801196, 6.49935473]","[1.096e-05, 0.0008276, 0.00025284, 0.01022908, 0.00475988]","[""0.02109715"", ""0.00045734"", ""0.00888656"", ""-0.04001418"", ""-0.15163483"", ""0.11251054"", ""0.10128559"", ""0.00011857"", ""0.03319838"", ""-0.22843334"", ""0.42446397"", ""0.32760809"", ""0.32832473"", ""0.00983194"", ""0.22385975""]",5,QM9_xyz_files/mol_116.xyz,E_exc_SS/mol_116.dat,E_exc_ST/mol_116.dat,osc_stren/mol_116.dat,trans_dip_mom/mol_116.dat,6.113888345360014,"[6.113888345360014, 6.374199705339383, 6.374202782001609]",geometry_matched_to_qm9_mol_116; qm9_source=qm9randdiv60_112_C4H3N; generated=2026-07-15
qm9randdiv60_8892_C5H4O3,candidate,C5H4O3,8892,9164,def2-tzvp,0,0,Angstrom,"C  0.080520385000  1.373107018100  0.124346328700
O  0.207647947300 -0.057793598800  0.055633066900
C  0.455773207900 -0.546122656900 -1.166248210000
O  0.571148712400  0.106080212100 -2.172641815400
C  0.570215106400 -1.989865860600 -1.132173396500
C  0.688436940300 -3.190711142400 -1.185808536200
C  0.791439460000 -4.630512223500 -1.249516117000
O  1.815319182400 -5.241927935300 -1.061567024900
H  1.003784081900  1.853921485400 -0.206927703900
H -0.744387836200  1.713520709300 -0.505824303000
H -0.116452397800  1.596908374000  1.171837047800
H -0.163662439500 -5.138518741200 -1.488894276400",QM9 qsGW input / source EOM CSV retained separately,QM9 qsGW-BSE singlet-singlet,4.13799651,0.15206856690772597,"[4.13799651, 5.37597371, 5.53357942, 5.88263283, 6.25949413]","[0.15206856690772597, 0.19756338987664124, 0.20335529289015408, 0.2161827691107551, 0.23003216643999125]","[3.44026955, 3.93719978, 4.77729788, 4.83854257, 5.12583618]","[0.00028221, 0.00027769, 0.0001375, 0.04201127, 0.00010462]","[""-0.02565099"", ""-0.02214511"", ""0.12975223"", ""-0.01094195"", ""-0.11603454"", ""0.00612307"", ""0.01752421"", ""-0.07888554"", ""0.00472328"", ""-0.49440055"", ""1.27489360"", ""0.11591101"", ""0.03652299"", ""0.01912325"", ""0.05203569""]",5,QM9_xyz_files/mol_9164.xyz,E_exc_SS/mol_9164.dat,E_exc_ST/mol_9164.dat,osc_stren/mol_9164.dat,trans_dip_mom/mol_9164.dat,4.020414850614767,"[4.020414850614767, 5.47724776647597, 6.221471558563614]",geometry_matched_to_qm9_mol_9164; qm9_source=qm9randdiv60_8892_C5H4O3; generated=2026-07-15
qm9randdiv60_23190_C3H2FN3O,candidate,C3H2FN3O,23190,23682,def2-tzvp,0,0,Angstrom,"O  0.108905129100  1.289037724700 -0.085066339500
C  0.069417641300 -0.037062944200 -0.049165249900
N  0.007905168700 -0.660877501600 -1.225758866300
C -0.029063312800 -1.984337096800 -1.121560895600
N -0.010138339400 -2.697292885400  0.008902474600
C  0.052512614200 -1.939274787400  1.089148858300
F  0.073616789000 -2.567818769900  2.240108678500
N  0.094903289200 -0.622783629400  1.153624967000
H  0.151452636700  1.597666889000  0.831798523000
H -0.079898905900 -2.547690649100 -2.049738020100",QM9 qsGW input / source EOM CSV retained separately,QM9 qsGW-BSE singlet-singlet,5.32614365,0.195732168947669,"[5.32614365, 5.53771392, 5.94231233, 6.02601324, 6.13843578]","[0.195732168947669, 0.20350723296268933, 0.2183759502835371, 0.2214519019915226, 0.22558335413378805]","[4.72068483, 4.94240332, 4.9451114, 5.1170518, 5.47596799]","[0.00055825, 0.00534486, 0.03422814, 0.0007029, 0.00595858]","[""0.16603965"", ""-0.00585215"", ""-0.00597283"", ""-0.50397972"", ""0.01629728"", ""0.01592443"", ""0.00592034"", ""-0.84294794"", ""0.89906840"", ""-0.17517556"", ""0.00372786"", ""0.00763727"", ""0.50535432"", ""-0.01631169"", ""-0.01796874""]",5,QM9_xyz_files/mol_23682.xyz,E_exc_SS/mol_23682.dat,E_exc_ST/mol_23682.dat,osc_stren/mol_23682.dat,trans_dip_mom/mol_23682.dat,5.465787059236539,"[5.465787059236539, 5.672852444064005, 5.937141435005925]",geometry_matched_to_qm9_mol_23682; qm9_source=qm9randdiv60_23190_C3H2FN3O; generated=2026-07-15
qm9randdiv60_9_C2H3N,candidate,C2H3N,9,10,def2-tzvp,0,0,Angstrom,"C -0.017886293700  1.467127868900  0.010113112900
C  0.001738188700  0.010352595500  0.002075879400
N  0.017652353000 -1.144529259500 -0.004204450000
H  1.002029411700  1.860899268200  0.002454010500
H -0.543988475200  1.844799012800 -0.870754599800
H -0.527077834500  1.835181664100  0.904863287100",QM9 qsGW input / source EOM CSV retained separately,QM9 qsGW-BSE singlet-singlet,8.16442764,0.3000371817221825,"[8.16442764, 8.68338387, 8.68343475, 9.28315496, 9.28331306]","[0.3000371817221825, 0.31910847141351584, 0.31911034121902815, 0.3411496524315696, 0.3411554624994056]","[6.34263148, 7.28442566, 7.28450539, 8.16189045, 8.36187601]","[8e-08, 0.0015047, 0.00148512, 0.00484002, 0.00492018]","[""-0.00011092"", ""0.00110424"", ""0.00117965"", ""0.05376669"", ""-0.00054259"", ""0.20689060"", ""0.20533510"", ""0.00546611"", ""-0.05392164"", ""0.30467814"", ""0.00320914"", ""0.21129840"", ""-0.21192080"", ""-0.00567753"", ""0.30792540""]",5,QM9_xyz_files/mol_10.xyz,E_exc_SS/mol_10.dat,E_exc_ST/mol_10.dat,osc_stren/mol_10.dat,trans_dip_mom/mol_10.dat,8.805962125939708,"[8.805962125939708, 9.179582592397459, 9.179595700185429]",geometry_matched_to_qm9_mol_10; qm9_source=qm9randdiv60_9_C2H3N; generated=2026-07-15
qm9randdiv60_2673_C5H12O2,candidate,C5H12O2,2673,2730,def2-tzvp,0,0,Angstrom,"O -0.075529484300  1.456085815100  0.010471224500
C  0.023403181000  0.039519311000  0.001962921400
C -1.387740022300 -0.532106597900  0.012386470900
C -1.412678107200 -2.063397194200  0.004432451800
C -2.833023791900 -2.636148458900  0.014906876900
C -2.860214033900 -4.158445066500  0.007009562300
O -4.217926500100 -4.574406642300  0.017665064500
H  0.814457937000  1.819833862700  0.003937862300
H  0.562229575500 -0.316890379200 -0.891895434700
H  0.579162663100 -0.326357927100  0.881513753700
H -1.910523796600 -0.150987499400  0.898119274600
H -1.927311699900 -0.141586074800 -0.859068078200
H -0.875730100700 -2.433291102800 -0.880438554300
H -0.859001069500 -2.442678971800  0.874902513100
H -3.375371088400 -2.283487915700  0.900664583200
H -3.392123533500 -2.274078919200 -0.856523201800
H -2.335154815600 -4.534955929100 -0.886801633300
H -2.318324950000 -4.544458354500  0.886607966000
H -4.238090032700 -5.535657615400  0.012868287100",QM9 qsGW input / source EOM CSV retained separately,QM9 qsGW-BSE singlet-singlet,7.49390963,0.2753960993481135,"[7.49390963, 7.49427888, 9.08677464, 9.11925226, 9.92330995]","[0.2753960993481135, 0.2754096690353269, 0.3339328087829314, 0.33512633930380986, 0.36467491440143285]","[7.08175515, 7.08182699, 8.61120672, 8.62649245, 9.6419174]","[1.512e-05, 0.00649977, 1.4e-06, 0.06433584, 2.37e-06]","[""0.00001489"", ""-0.00005569"", ""0.02306502"", ""-0.00437775"", ""0.00225438"", ""-0.47820547"", ""0.00012378"", ""-0.00005633"", ""0.00636858"", ""0.01296134"", ""-0.00663267"", ""1.36387865"", ""0.00027840"", ""-0.00041003"", ""-0.00791549""]",5,QM9_xyz_files/mol_2730.xyz,E_exc_SS/mol_2730.dat,E_exc_ST/mol_2730.dat,osc_stren/mol_2730.dat,trans_dip_mom/mol_2730.dat,7.86101144443771,"[7.86101144443771, 7.861284763232406, 9.53438254867915]",geometry_matched_to_qm9_mol_2730; qm9_source=qm9randdiv60_2673_C5H12O2; generated=2026-07-15
qm9randdiv60_23459_C7H4N2,candidate,C7H4N2,23459,23976,def2-tzvp,0,0,Angstrom,"C  0.083969264800 -1.174914006200 -0.005111140000
C -0.013122353100  0.024573607100  0.002944458800
C -0.083237605900  1.435966928000  0.011830310200
N -1.173226558500  2.179889024700  0.030829268300
C -0.732909207000  3.486247803600  0.032183533500
C  0.649508172800  3.522231237600  0.013594351100
N  1.048487222600  2.218378956100  0.000833063100
C -1.612681689600  4.595625564700  0.050377667900
C -2.345712439200  5.549924382700  0.065706282800
H  0.149225904500 -2.234997412700 -0.011948939300
H  1.345556360700  4.343711500700  0.008741978400
H  1.996030853500  1.878333166100 -0.013937529600
H -3.001234955600  6.384855737600  0.079310605000",QM9 qsGW input / source EOM CSV retained separately,QM9 qsGW-BSE singlet-singlet,5.30271001,0.1948709985615607,"[5.30271001, 5.83982576, 5.98149675, 6.13057767, 6.27557933]","[0.1948709985615607, 0.21460963830392926, 0.21981595115838326, 0.2252945739177063, 0.2306232866370511]","[3.44668218, 4.04568456, 5.17875256, 5.46208364, 5.58777582]","[0.37771703, 0.24779509, 0.00207215, 0.000113, 0.00031558]","[""0.08843794"", ""4.33302531"", ""0.02329451"", ""2.75459001"", ""-1.89714221"", ""-0.04806568"", ""-0.00316252"", ""0.00328610"", ""-0.30221071"", ""0.00167821"", ""-0.00000137"", ""-0.06969809"", ""0.00016013"", ""0.00512401"", ""-0.11504034""]",5,QM9_xyz_files/mol_23976.xyz,E_exc_SS/mol_23976.dat,E_exc_ST/mol_23976.dat,osc_stren/mol_23976.dat,trans_dip_mom/mol_23976.dat,5.822907937337398,"[5.822907937337398, 6.455843834760609, 6.457132279866262]",geometry_matched_to_qm9_mol_23976; qm9_source=qm9randdiv60_23459_C7H4N2; generated=2026-07-15
qm9randdiv60_23220_C6H4F2,candidate,C6H4F2,23220,23715,def2-tzvp,0,0,Angstrom,"F  0.001793978600  0.019703063900  0.003669862500
C -0.016367961600  1.357596422100  0.010832087100
C -1.237783735500  2.017239582500  0.030060685600
C -1.256681641300  3.409279442400  0.037518127300
C -0.053624961400  4.102003266900  0.025534242000
F -0.071788185400  5.439896597900  0.032706451600
C  1.167790305400  3.442360523100  0.006308155400
C  1.186688214400  2.050319841200 -0.001149234900
H -2.155878388300  1.442178602400  0.038964527000
H -2.190047169600  3.959077647000  0.052447543300
H  2.085885603700  4.017420423600 -0.002595788900
H  2.120054350800  1.500522727000 -0.016079268200",QM9 qsGW input / source EOM CSV retained separately,QM9 qsGW-BSE singlet-singlet,5.15201409,0.18933302564692397,"[5.15201409, 6.16524282, 7.05612337, 7.13082574, 7.22269768]","[0.18933302564692397, 0.2265684946833237, 0.2593077510352984, 0.2620530124977134, 0.2654292440196758]","[3.66729861, 4.04994069, 4.59509361, 5.44903033, 7.02495516]","[0.03775099, 0.00013593, 0.53765949, 0.05678766, 0.57604397]","[""-1.38980182"", ""-0.01896198"", ""0.01788300"", ""0.00105780"", ""-0.07624177"", ""-0.00041974"", ""0.06090367"", ""-4.48206183"", ""-0.02402455"", ""-0.01981692"", ""1.44898505"", ""0.00771992"", ""4.58516770"", ""0.06266411"", ""-0.05897664""]",5,QM9_xyz_files/mol_23715.xyz,E_exc_SS/mol_23715.dat,E_exc_ST/mol_23715.dat,osc_stren/mol_23715.dat,trans_dip_mom/mol_23715.dat,5.153081409833484,"[5.153081409833484, 6.940730394777297, 7.879748410368949]",geometry_matched_to_qm9_mol_23715; qm9_source=qm9randdiv60_23220_C6H4F2; generated=2026-07-15
qm9randdiv60_20825_C4H8N4,candidate,C4H8N4,20825,21201,def2-tzvp,0,0,Angstrom,"C  0.027513019700  1.356440422000  0.202514734900
N -0.035413225600 -0.053486012200 -0.137968496100
C -1.255114405200 -0.697402203300 -0.065036815800
N -1.343104087600 -2.026092293000  0.058013970600
N -2.661911521600 -2.253919155900  0.037335424400
C -3.202702003600 -3.590128179000  0.139134718400
N -3.428060430800 -1.185470328600 -0.081364743900
C -2.560748954900 -0.170491604900 -0.146946060200
H  1.062111345900  1.695952034600  0.116745375400
H -0.568597536600  1.939303927100 -0.507602719600
H -0.334011127500  1.584982886500  1.217532456500
H  0.716367331100 -0.613408201900  0.236907946700
H -2.878873818500 -4.058086279300  1.072772332000
H -4.288156404500 -3.504230410100  0.121659636200
H -2.862597689600 -4.202098120300 -0.700962372900
H -2.900633570600  0.846691528300 -0.245806106500",QM9 qsGW input / source EOM CSV retained separately,QM9 qsGW-BSE singlet-singlet,5.52933662,0.2031993728660272,"[5.52933662, 5.95682172, 6.72803008, 6.76911222, 6.79249824]","[0.2031993728660272, 0.2189091605312193, 0.24725054501741783, 0.2487602858159432, 0.2496197061993295]","[3.877323, 4.65418343, 5.75154926, 5.87053573, 5.97588467]","[0.18205281, 0.01065992, 0.02879278, 0.0060104, 0.00023401]","[""-0.70898597"", ""-2.85823114"", ""0.10044392"", ""0.28078390"", ""0.55048003"", ""0.30004768"", ""0.22296503"", ""0.05548517"", ""1.03716511"", ""0.24591714"", ""0.20646570"", ""-0.36199237"", ""0.07231502"", ""0.04781117"", ""-0.03961312""]",5,QM9_xyz_files/mol_21201.xyz,E_exc_SS/mol_21201.dat,E_exc_ST/mol_21201.dat,osc_stren/mol_21201.dat,trans_dip_mom/mol_21201.dat,5.784132149658525,"[5.784132149658525, 6.875885629882526, 6.941027076866543]",geometry_matched_to_qm9_mol_21201; qm9_source=qm9randdiv60_20825_C4H8N4; generated=2026-07-15
qm9randdiv60_2567_C5H7NO,candidate,C5H7NO,2567,2624,def2-tzvp,0,0,Angstrom,"N -0.105536642100  1.307121776800  0.009289725300
C -0.044308017000  0.047020182900  0.002175171400
O -1.177551768200 -0.682039404700  0.008998936200
C -1.016125130600 -2.098918380300 -0.000002296700
C -2.420691140000 -2.706739599300  0.010423315600
C -2.378294933500 -4.162557829100  0.002255232900
C -2.311204816700 -5.362149168600 -0.004815250900
H  0.833656894400  1.699493969900  0.002557429600
H  0.870346305300 -0.562468465200 -0.009539739300
H -0.470659918200 -2.418905953100 -0.896527070200
H -0.453414566800 -2.428242601100  0.882371615900
H -2.954553963300 -2.343159174000  0.896095533700
H -2.971635646100 -2.333797582200 -0.860777866900
H -2.269839257300 -6.423215811900 -0.010865946600",QM9 qsGW input / source EOM CSV retained separately,QM9 qsGW-BSE singlet-singlet,6.54385734,0.24048232165918468,"[6.54385734, 6.98576558, 7.42094743, 7.45506998, 7.75437878]","[0.24048232165918468, 0.25672214994302134, 0.27271478795366894, 0.2739687685370738, 0.2849681640582825]","[4.89803622, 5.39233157, 5.62441243, 6.2463483, 6.26806925]","[0.00139147, 3.43e-05, 0.00279058, 0.00058719, 0.03402201]","[""-0.00251631"", ""0.00105818"", ""-0.23677981"", ""0.00034453"", ""0.00102941"", ""0.03596533"", ""0.23095839"", ""0.21405350"", ""-0.00087042"", ""0.00852868"", ""0.06647205"", ""-0.12758737"", ""-0.01164789"", ""0.00539389"", ""-1.07554635""]",5,QM9_xyz_files/mol_2624.xyz,E_exc_SS/mol_2624.dat,E_exc_ST/mol_2624.dat,osc_stren/mol_2624.dat,trans_dip_mom/mol_2624.dat,6.450021224616635,"[6.450021224616635, 7.625132170098561, 8.000613496327254]",geometry_matched_to_qm9_mol_2624; qm9_source=qm9randdiv60_2567_C5H7NO; generated=2026-07-15
qm9randdiv60_41031_C6H2N2O,candidate,C6H2N2O,41031,42155,def2-tzvp,0,0,Angstrom,"O  0.033115401300 -0.091124993200  0.001366137900
C -0.017812243600  1.116138549400  0.006197488400
C  1.208764219100  1.930964913000  0.000937182800
N  2.177917516800  2.561309928200 -0.003280146900
C -1.236184279400  1.879843606200  0.017213312000
C -2.265687793500  2.505710663800  0.026374467500
C -3.528263459500  3.234572482700  0.036945499500
C -3.362467484900  4.692740195600  0.043248340000
N -3.250473400700  5.841142566600  0.048353545900
H -4.125047546900  2.948082141700 -0.838883037000
H -4.115391798600  2.939380195900  0.916394569900",QM9 qsGW input / source EOM CSV retained separately,QM9 qsGW-BSE singlet-singlet,4.06475376,0.14937694549094502,"[4.06475376, 4.98826378, 5.70433231, 6.22413182, 6.8132219]","[0.14937694549094502, 0.18331531274837057, 0.20963034585718826, 0.22873262551692586, 0.25038128665732823]","[3.40057083, 3.74629276, 4.62578426, 4.80367769, 5.71154796]","[2.649e-05, 0.00031131, 0.19657999, 6.19e-05, 0.09463602]","[""-0.00568828"", ""0.00435740"", ""-0.04083143"", ""-0.01349511"", ""0.00989790"", ""0.12718832"", ""2.43125374"", ""-1.78212386"", ""-0.02196714"", ""0.00045429"", ""-0.00090468"", ""-0.05120047"", ""1.14689157"", ""1.53212820"", ""-0.00231233""]",5,QM9_xyz_files/mol_42155.xyz,E_exc_SS/mol_42155.dat,E_exc_ST/mol_42155.dat,osc_stren/mol_42155.dat,trans_dip_mom/mol_42155.dat,3.9825756978030338,"[3.9825756978030338, 5.810577873716748, 6.381361472154397]",geometry_matched_to_qm9_mol_42155; qm9_source=qm9randdiv60_41031_C6H2N2O; generated=2026-07-15
qm9randdiv60_14884_C6H6N2,candidate,C6H6N2,14884,15206,def2-tzvp,0,0,Angstrom,"C -0.180771379700  1.493892574500  0.163481230000
N  0.037125376200  0.058541479700 -0.006093379400
C  0.538917151800 -0.438936093500 -1.289688577800
C  0.842250305700  0.435431112700 -2.387058566000
C  1.062384534500  1.152640070500 -3.326179942000
C  1.407464250000 -0.449046533200 -0.045118607000
C  2.540726012500  0.439550671800  0.038302652900
N  3.453167675300  1.141662051800  0.147871943300
H  0.545167499000  2.125227435700 -0.362638290100
H -1.182889894500  1.728327524600 -0.204286581200
H -0.139777133700  1.720019455400  1.232007408600
H  0.111502488400 -1.397553401200 -1.576527823600
H  1.274147324700  1.787341575000 -4.151471622400
H  1.557665659700 -1.395709073900  0.467854714700",QM9 qsGW input / source EOM CSV retained separately,QM9 qsGW-BSE singlet-singlet,6.50738971,0.2391421609753321,"[6.50738971, 6.70216564, 6.97626961, 7.23765171, 7.29835871]","[0.2391421609753321, 0.2463000443789649, 0.256373179482121, 0.2659787944859703, 0.2682097355872877]","[5.05834347, 5.75969146, 5.9140767, 6.02729707, 6.53727572]","[0.00764117, 0.10185459, 0.00999087, 0.01395647, 0.0080946]","[""-0.01965989"", ""-0.03817858"", ""-0.55479546"", ""1.02929504"", ""-0.20400567"", ""1.70482408"", ""0.13829413"", ""-0.15977422"", ""-0.57705714"", ""-0.66757423"", ""-0.08683240"", ""-0.23515545"", ""-0.29993394"", ""-0.38322377"", ""-0.23589533""]",5,QM9_xyz_files/mol_15206.xyz,E_exc_SS/mol_15206.dat,E_exc_ST/mol_15206.dat,osc_stren/mol_15206.dat,trans_dip_mom/mol_15206.dat,6.924918085156905,"[6.924918085156905, 6.983115219359203, 7.522200425071323]",geometry_matched_to_qm9_mol_15206; qm9_source=qm9randdiv60_14884_C6H6N2; generated=2026-07-15
qm9randdiv60_2587_C6H4O,candidate,C6H4O,2587,2644,def2-tzvp,0,0,Angstrom,"C -0.000978804800  1.482151270400  0.009920046600
C  0.004736333900  0.032586447300  0.002094392300
C  0.006656418100 -1.178781271200 -0.004408956900
C  0.006876850300 -2.533080967000 -0.011672815400
C  0.003233152600 -3.748194806200 -0.018163054500
C  0.039601390700 -5.184685460200 -0.026130266300
O -0.940339628200 -5.895950058300 -0.022842073900
H  1.017840820400  1.884355541000  0.000825106000
H -0.527831842800  1.874570278900 -0.866990059000
H -0.508225147600  1.865031666000  0.902471402800
H  1.063902307600 -5.609538970700 -0.035833071700",QM9 qsGW input / source EOM CSV retained separately,QM9 qsGW-BSE singlet-singlet,4.01317455,0.14748144448508924,"[4.01317455, 4.11041667, 4.75626782, 5.40638735, 6.88754548]","[0.14748144448508924, 0.15105502648201297, 0.1747896184708802, 0.19868107053153564, 0.2531126278439963]","[3.12013885, 3.38948681, 3.70935383, 4.24668401, 5.00525376]","[0.00015058, 5.635e-05, 0.13987065, 0.00011445, 1.07037866]","[""-0.00101611"", ""0.00069397"", ""-0.09946308"", ""0.00014907"", ""-0.00017802"", ""0.06012566"", ""0.20098889"", ""2.77743441"", ""0.01435035"", ""-0.00133289"", ""0.00056645"", ""-0.07469969"", ""0.50717088"", ""6.38142466"", ""0.03117536""]",5,QM9_xyz_files/mol_2644.xyz,E_exc_SS/mol_2644.dat,E_exc_ST/mol_2644.dat,osc_stren/mol_2644.dat,trans_dip_mom/mol_2644.dat,3.920708384028977,"[3.920708384028977, 4.78484356451097, 5.348955864287606]",geometry_matched_to_qm9_mol_2644; qm9_source=qm9randdiv60_2587_C6H4O; generated=2026-07-15
qm9randdiv60_18_C2H5NO,candidate,C2H5NO,18,19,def2-tzvp,0,0,Angstrom,"C  0.006798892600  1.499697363800 -0.025670302000
C -0.027403851200 -0.017520506500 -0.148948112000
N  1.178266669500 -0.633242980700  0.056917206200
O -1.037219649500 -0.639806487100 -0.407275718700
H  0.913902802800  1.929237554600 -0.461000673300
H -0.870808963400  1.911241858900 -0.523451755100
H -0.028261235600  1.785172706300  1.031491251500
H  1.984051387900 -0.131758613400  0.386749060600
H  1.190494206900 -1.639195626000  0.100062092800",QM9 qsGW input / source EOM CSV retained separately,QM9 qsGW-BSE singlet-singlet,6.23017194,0.2289545958327855,"[6.23017194, 7.23824356, 7.56616732, 8.18720685, 8.70017493]","[0.2289545958327855, 0.26600054457229994, 0.2780515204775921, 0.3008743022493795, 0.31972553148712657]","[5.64760933, 5.87404192, 6.8767363, 7.40290872, 8.46302296]","[0.00076211, 0.0234031, 0.03423051, 0.19017841, 0.011488]","[""0.03115306"", ""-0.00428361"", ""0.17682820"", ""0.18748542"", ""-0.23308027"", ""-0.87357133"", ""0.19067867"", ""-1.04945728"", ""0.23514353"", ""2.40001860"", ""-0.43932529"", ""0.41506466"", ""-0.56180642"", ""0.16352777"", ""0.07634281""]",5,QM9_xyz_files/mol_19.xyz,E_exc_SS/mol_19.dat,E_exc_ST/mol_19.dat,osc_stren/mol_19.dat,trans_dip_mom/mol_19.dat,5.913098351596349,"[5.913098351596349, 7.904125644872636, 8.09935775982031]",geometry_matched_to_qm9_mol_19; qm9_source=qm9randdiv60_18_C2H5NO; generated=2026-07-15
qm9randdiv60_14342_C6H6O2,candidate,C6H6O2,14342,14664,def2-tzvp,0,0,Angstrom,"O -0.014784521900  1.462507794700  0.010181767100
C -0.004188842800  0.041112638400  0.002275017600
C -1.371021743100 -0.458942530700  0.012660503900
C -2.494245137600 -0.907969661300  0.020968511300
C -3.758302151500 -1.408246275100  0.030352056100
C -4.881501796500 -1.857330768400  0.038657693000
C -6.248245933600 -2.357628679200  0.049028185800
O -6.237417377000 -3.779037415400  0.041407748600
H  0.902353242600  1.755408764000  0.003505125700
H  0.511202291000 -0.351865128100 -0.889896082900
H  0.528201819200 -0.361589032500  0.880007152800
H -6.763769088100 -1.964545732000  0.941074291600
H -6.780623653500 -1.955179793100 -0.828824640300
H -7.154501067100 -4.072112771300  0.047962849800",QM9 qsGW input / source EOM CSV retained separately,QM9 qsGW-BSE singlet-singlet,4.87159653,0.1790278703907729,"[4.87159653, 5.36470465, 5.55764028, 6.94241809, 7.23110628]","[0.1790278703907729, 0.19714925956008444, 0.2042395131861174, 0.2551291590675054, 0.26573825437012205]","[3.81065697, 4.39206391, 4.51484256, 5.18685747, 6.5492207]","[6.662e-05, 0.00285262, 0.0001898, 1.53e-05, 0.00834592]","[""-0.00035262"", ""0.00065826"", ""-0.06004817"", ""-0.11320535"", ""-0.35693394"", ""-0.00115121"", ""0.00017706"", ""0.00136871"", ""-0.09488725"", ""0.02252396"", ""0.00858356"", ""0.00023158"", ""0.22491223"", ""0.10193119"", ""-0.49333241""]",5,QM9_xyz_files/mol_14664.xyz,E_exc_SS/mol_14664.dat,E_exc_ST/mol_14664.dat,osc_stren/mol_14664.dat,trans_dip_mom/mol_14664.dat,5.304321614158463,"[5.304321614158463, 5.82304986770834, 6.084724493229021]",geometry_matched_to_qm9_mol_14664; qm9_source=qm9randdiv60_14342_C6H6O2; generated=2026-07-15
qm9randdiv60_30_C3H5N,candidate,C3H5N,30,31,def2-tzvp,0,0,Angstrom,"C -0.025220048500  1.547730541600  0.021333695300
C  0.011839393200  0.009992778300 -0.015567022000
C  0.689151144800 -0.508368456900 -1.203314879800
N  1.225657326800 -0.903608460900 -2.147374820300
H  0.985716199200  1.962129895200  0.023701534700
H -0.555221922300  1.945996620900 -0.847117712300
H -0.539625556500  1.882943536600  0.925366036800
H  0.524819096200 -0.382260479800  0.869333545300
H -1.004535422900 -0.398321085000  0.005300712300",QM9 qsGW input / source EOM CSV retained separately,QM9 qsGW-BSE singlet-singlet,8.16488207,0.30005388171665887,"[8.16488207, 8.66546244, 8.69179246, 9.30447536, 9.36145658]","[0.30005388171665887, 0.31844987100859745, 0.31941748139646886, 0.34193316268008345, 0.34402718389182535]","[6.39164901, 7.31174808, 7.32956719, 8.18633037, 8.33030126]","[3.173e-05, 0.00911883, 0.00080141, 0.00881786, 0.02814931]","[""0.02759406"", ""0.00253054"", ""0.01603248"", ""-0.09123473"", ""0.49809084"", ""0.14517701"", ""-0.13678156"", ""0.00004430"", ""-0.07486282"", ""0.43346400"", ""0.01028429"", ""0.24881745"", ""-0.19938800"", ""0.80047114"", ""0.33528262""]",5,QM9_xyz_files/mol_31.xyz,E_exc_SS/mol_31.dat,E_exc_ST/mol_31.dat,osc_stren/mol_31.dat,trans_dip_mom/mol_31.dat,8.735107290137664,"[8.735107290137664, 9.09724617055909, 9.114810275155044]",geometry_matched_to_qm9_mol_31; qm9_source=qm9randdiv60_30_C3H5N; generated=2026-07-15
qm9randdiv60_26_C2HNO,candidate,C2HNO,26,27,def2-tzvp,0,0,Angstrom,"O -0.040559777400 -0.037991439400  0.002665126400
C -0.017688702600  1.161932510800  0.007460077800
C  1.233155340900  1.933813357300  0.000433714500
N  2.198573783200  2.570550969700 -0.004833203800
H -0.926275344100  1.789591961600  0.017648585000",QM9 qsGW input / source EOM CSV retained separately,QM9 qsGW-BSE singlet-singlet,4.08171327,0.15000019598787626,"[4.08171327, 6.26810599, 7.06757692, 7.73870501, 8.44238284]","[0.15000019598787626, 0.23034864645766287, 0.2597286612343034, 0.2843921636348454, 0.31025184691738117]","[3.33970764, 4.57768675, 5.74051368, 5.98607588, 6.5898544]","[0.00062611, 1.002e-05, 0.11252272, 0.01437059, 1.254e-05]","[""-0.00161198"", ""0.00084269"", ""-0.20111351"", ""-0.00015467"", ""0.00011819"", ""-0.02052957"", ""-1.35206791"", ""-1.53955298"", ""0.00469270"", ""0.00567750"", ""-0.00298310"", ""0.69974300"", ""-0.01977483"", ""-0.00067585"", ""0.00057738""]",5,QM9_xyz_files/mol_27.xyz,E_exc_SS/mol_27.dat,E_exc_ST/mol_27.dat,osc_stren/mol_27.dat,trans_dip_mom/mol_27.dat,4.050559061356662,"[4.050559061356662, 7.109006899593686, 7.819560664255671]",geometry_matched_to_qm9_mol_27; qm9_source=qm9randdiv60_26_C2HNO; generated=2026-07-15
qm9randdiv60_4155_C4H7F3,candidate,C4H7F3,4155,4228,def2-tzvp,0,0,Angstrom,"C -0.001301955300  1.581352764000  0.010542211900
C  0.007564907100  0.051484207800  0.002224911000
C -1.406394400600 -0.538577294100  0.012611454700
C -1.415943074700 -2.051315146800  0.004553518100
F -0.785474089600 -2.560901847000  1.077057651700
F -2.670064855200 -2.533116174700  0.013969130900
F -0.806182598800 -2.549256193200 -1.085254525700
H  1.017859233600  1.978338383100  0.002965581900
H -0.521486637900  1.981641760200 -0.866585422100
H -0.504633184900  1.972128919900  0.901681347200
H  0.539271678600 -0.315227357400 -0.882579269100
H  0.556115655300 -0.324676921000  0.872662615600
H -1.958896677800 -0.216679014800  0.901740084000
H -1.975817859700 -0.207173575900 -0.862234740300",QM9 qsGW input / source EOM CSV retained separately,QM9 qsGW-BSE singlet-singlet,10.10062705,0.37119119763658565,"[10.10062705, 10.27590547, 10.52056508, 11.14356464, 11.26450081]","[0.37119119763658565, 0.3776325607636054, 0.38662363559486557, 0.4095184471405968, 0.41396276941461657]","[9.59519516, 9.78283436, 10.08589507, 10.32345685, 10.37699229]","[0.0092522, 0.02935612, 0.02389124, 0.16825115, 0.00916398]","[""-0.01722403"", ""-0.00338917"", ""-0.49116209"", ""-0.81092052"", ""-0.30913047"", ""0.01331225"", ""0.04858193"", ""-0.77230928"", ""-0.00358038"", ""-0.04667900"", ""0.01043540"", ""-1.99478334"", ""-0.27106601"", ""-0.21944689"", ""0.30478174""]",5,QM9_xyz_files/mol_4228.xyz,E_exc_SS/mol_4228.dat,E_exc_ST/mol_4228.dat,osc_stren/mol_4228.dat,trans_dip_mom/mol_4228.dat,10.936572942211686,"[10.936572942211686, 11.144477988800327, 11.395475254353862]",geometry_matched_to_qm9_mol_4228; qm9_source=qm9randdiv60_4155_C4H7F3; generated=2026-07-15
qm9randdiv60_710_C5H5N,candidate,C5H5N,710,720,def2-tzvp,0,0,Angstrom,"C -0.043152742800  1.540272728700  0.008646529800
C -0.058109306900  0.782006175600 -1.327139425500
C  0.015827226800  0.035261873100 -0.020879461700
N  1.545348288700  0.025657104800 -0.032546103100
C  1.505840289600  1.532515362100 -0.032841119700
C  1.491367166800  0.798746377700 -1.325450565800
H -0.778200589300  2.217129928800  0.419102090500
H -0.806475069600  0.783658800300 -2.106145733800
H -0.604807887700 -0.733102146200  0.422235474600
H  2.268949359000  2.129958935300  0.451366440200
H  2.240388185300  0.681955299700 -2.099439465400",QM9 qsGW input / source EOM CSV retained separately,QM9 qsGW-BSE singlet-singlet,6.48214433,0.23821441037226526,"[6.48214433, 6.83338827, 6.84868924, 7.04410165, 7.15299732]","[0.23821441037226526, 0.2511223870855717, 0.25168468736170174, 0.2588659609739129, 0.2628678030342767]","[5.89149314, 6.06791308, 6.55975233, 6.76747708, 6.9324013]","[0.00110652, 0.00014656, 0.00200909, 0.00368198, 0.00186414]","[""-0.20437015"", ""0.05036263"", ""-0.02665740"", ""0.00473660"", ""0.02816872"", ""0.06956884"", ""-0.15249544"", ""0.20441786"", ""-0.11097494"", ""0.14962560"", ""-0.29688638"", ""0.16524752"", ""-0.00274006"", ""-0.12817083"", ""-0.22866342""]",5,QM9_xyz_files/mol_720.xyz,E_exc_SS/mol_720.dat,E_exc_ST/mol_720.dat,osc_stren/mol_720.dat,trans_dip_mom/mol_720.dat,6.818824592441198,"[6.818824592441198, 7.01142784755475, 7.753150191135841]",geometry_matched_to_qm9_mol_720; qm9_source=qm9randdiv60_710_C5H5N; generated=2026-07-15
qm9randdiv60_396_C4H5NO,candidate,C4H5NO,396,406,def2-tzvp,0,0,Angstrom,"O -0.048502384100  1.374664125600 -0.069842621400
C -0.001915692300 -0.018241110100 -0.003384963800
C -0.469418596900 -0.709346128200  1.267068998000
C -1.342994768800 -0.703403114600  0.040756358700
C  1.072278149600 -0.629557386400 -0.758263267700
N  1.952027825800 -1.097276477300 -1.345868785100
H  0.734695898400  1.726230766200  0.370058277700
H  0.017259751200 -1.632623970300  1.558153546700
H -0.736600249400 -0.042927384400  2.078998728300
H -2.192126821800 -0.030497807200  0.026822081900
H -1.464396371700 -1.622028793300 -0.519709023300",QM9 qsGW input / source EOM CSV retained separately,QM9 qsGW-BSE singlet-singlet,7.36702396,0.2707331369818097,"[7.36702396, 7.86752705, 8.20601509, 8.46646493, 8.5715959]","[0.2707331369818097, 0.28912628628613046, 0.30156549232069646, 0.3111368474014543, 0.3150003392886234]","[6.09508829, 6.78080006, 6.92278833, 7.45341607, 7.90670303]","[0.00337443, 0.01393014, 0.05364835, 0.0112824, 0.02112982]","[""-0.15817055"", ""0.00648573"", ""0.30939595"", ""0.08101904"", ""0.07507628"", ""0.67431449"", ""0.96507818"", ""0.34744913"", ""-0.81968246"", ""-0.58087502"", ""-0.06814607"", ""-0.09666533"", ""0.72230760"", ""0.18257464"", ""0.30818832""]",5,QM9_xyz_files/mol_406.xyz,E_exc_SS/mol_406.dat,E_exc_ST/mol_406.dat,osc_stren/mol_406.dat,trans_dip_mom/mol_406.dat,7.732034776059027,"[7.732034776059027, 8.394189171853396, 8.627065469101847]",geometry_matched_to_qm9_mol_406; qm9_source=qm9randdiv60_396_C4H5NO; generated=2026-07-15
qm9randdiv60_273_C2H4N2O2,candidate,C2H4N2O2,273,282,def2-tzvp,0,0,Angstrom,"N -0.005601458600  1.364318515700  0.007968707500
C  0.109685934200  0.060199090400  0.000837548600
N  1.201263593700 -0.662504903000 -0.013858704200
H  0.977101878500 -1.659826882400 -0.016271471200
H  2.148183691700 -0.319255456900 -0.021927754300
C -1.254926535500 -0.752490336800  0.011487053400
O -2.236385320200 -0.001549527100  0.025164362700
O -1.062306555500 -1.973248446800  0.003951572500
H  0.747325711200  2.033367470400  0.003770023900
H -0.989158409500  1.642455156600  0.019456391100",QM9 qsGW input / source EOM CSV retained separately,QM9 qsGW-BSE singlet-singlet,4.84145936,0.17792034982098043,"[4.84145936, 5.06789767, 5.76184633, 6.96808606, 7.10343229]","[0.17792034982098043, 0.18624180422808126, 0.21174394710778532, 0.2560724395666304, 0.26104632177816073]","[4.19369906, 4.29550779, 4.8003892, 5.19974153, 6.88355303]","[6.684e-05, 4e-08, 0.01484553, 0.00091896, 8.9e-07]","[""0.00009112"", ""-0.00045726"", ""0.06033320"", ""0.00096195"", ""-0.00081560"", ""0.00066762"", ""0.42163007"", ""-0.70823196"", ""-0.00775083"", ""0.16068350"", ""0.09464055"", ""-0.00093752"", ""0.00214521"", ""-0.00533526"", ""0.00004222""]",5,QM9_xyz_files/mol_282.xyz,E_exc_SS/mol_282.dat,E_exc_ST/mol_282.dat,osc_stren/mol_282.dat,trans_dip_mom/mol_282.dat,4.919604754754621,"[4.919604754754621, 5.020143521719176, 5.799527164559159]",geometry_matched_to_qm9_mol_282; qm9_source=qm9randdiv60_273_C2H4N2O2; generated=2026-07-15
qm9randdiv60_2435_C7H4,candidate,C7H4,2435,2492,def2-tzvp,0,0,Angstrom,"C -0.005184467000 -1.227022363100  0.037292360500
C  0.010964047700 -0.028724717800 -0.012885431400
C  0.018350769600  1.443006451400 -0.053219378900
C  1.389565464200  1.977774319300 -0.015843844200
C  2.502395961500  2.422691669400  0.032664128700
C -0.729970599100  1.955575177700 -1.212915875100
C -1.353086580400  2.382164842100 -2.144819569500
H -0.015392318200 -2.288435525200  0.073961169800
H -0.497354398300  1.798613983500  0.853298430700
H  3.489382006800  2.813329954800  0.068832496300
H -1.899896026800  2.756334458000 -2.974906277000",QM9 qsGW input / source EOM CSV retained separately,QM9 qsGW-BSE singlet-singlet,6.97200667,0.2562165193266455,"[6.97200667, 6.9723509, 7.01822007, 7.33430497, 7.36203856]","[0.2562165193266455, 0.25622916954581804, 0.2579148304520779, 0.2695307362770376, 0.27054992691103513]","[5.36345102, 5.36428396, 5.37582595, 6.21301488, 6.21714176]","[0.00027435, 0.00026928, 1e-07, 2.6e-07, 0.00525633]","[""0.05943062"", ""0.08269842"", ""0.00237216"", ""0.06838421"", ""-0.04827059"", ""0.05637209"", ""-0.00150098"", ""-0.00117614"", ""0.00000003"", ""0.00239290"", ""0.00167623"", ""0.00089525"", ""0.37645304"", ""-0.01256414"", ""0.21540587""]",5,QM9_xyz_files/mol_2492.xyz,E_exc_SS/mol_2492.dat,E_exc_ST/mol_2492.dat,osc_stren/mol_2492.dat,trans_dip_mom/mol_2492.dat,7.603640380694162,"[7.603640380694162, 7.603777738903047, 7.645707229680042]",geometry_matched_to_qm9_mol_2492; qm9_source=qm9randdiv60_2435_C7H4; generated=2026-07-15
qm9randdiv60_507_C6H10,candidate,C6H10,507,517,def2-tzvp,0,0,Angstrom,"C -0.042341733500  1.569735789600  0.051433698500
C  0.006402112300  0.031852634500 -0.006315548900
C  0.683688186600 -0.474814665200 -1.196031561900
C  1.247945923700 -0.861348623000 -2.188057150500
C  1.925232573800 -1.368016048200 -3.377772928500
C  1.973994800200 -2.905898989800 -3.435511882700
H  0.967070295800  1.990056794000  0.054108867700
H -0.572274752100  1.973916848800 -0.815399084200
H -0.557605179700  1.903034665100  0.957451084700
H  0.508670059900 -0.350475769100  0.891978057100
H -1.016023141700 -0.366459153600  0.030782142700
H  1.422955120500 -0.985700147900 -4.276066768600
H  2.947652569900 -0.969691709500 -3.414878696000
H  2.503936949400 -3.310067784400 -2.568678884600
H  0.964587821200 -3.326232236500 -3.438179268300
H  2.489257913500 -3.239197804800 -4.341529526500",QM9 qsGW input / source EOM CSV retained separately,QM9 qsGW-BSE singlet-singlet,6.99571406,0.2570877498396994,"[6.99571406, 7.22026907, 7.33858423, 7.5745234, 7.59019853]","[0.2570877498396994, 0.2653399942483468, 0.269687996181451, 0.27835860075363766, 0.27893465115615296]","[5.59689735, 6.3832347, 6.42318539, 6.99534589, 7.10372727]","[0.0008031, 0.06694726, 0.00474886, 0.01483201, 0.00213891]","[""0.15116600"", ""0.00250685"", ""0.08610881"", ""0.32163002"", ""-1.43193160"", ""-0.53960161"", ""-0.36242251"", ""-0.00820489"", ""-0.19805048"", ""-0.61819160"", ""-0.00236670"", ""-0.36632316"", ""0.06583387"", ""-0.23714915"", ""-0.11720113""]",5,QM9_xyz_files/mol_517.xyz,E_exc_SS/mol_517.dat,E_exc_ST/mol_517.dat,osc_stren/mol_517.dat,trans_dip_mom/mol_517.dat,7.449148431627419,"[7.449148431627419, 7.782845593871211, 7.830665943198837]",geometry_matched_to_qm9_mol_517; qm9_source=qm9randdiv60_507_C6H10; generated=2026-07-15
qm9randdiv60_195_C5H7N,candidate,C5H7N,195,201,def2-tzvp,0,0,Angstrom,"C -0.018528533300  1.520824405200  0.015613484700
C  0.002800672000  0.021474459200  0.013905847200
C -0.058389616600 -0.797160846600 -1.091742383700
N -0.011521711200 -2.102456542900 -0.665554848500
C  0.079083980800 -2.136814271100  0.701753746600
C  0.090129645900 -0.838039400000  1.151394949800
H  0.887931221800  1.940780912800  0.467610102100
H -0.091265628000  1.915713745800 -1.002187255100
H -0.869419169100  1.915645486700  0.583448426900
H -0.130984075600 -0.555672779800 -2.140619534200
H -0.039897160100 -2.907722120500 -1.264761162300
H  0.127568653400 -3.073870316100  1.232985780400
H  0.153826080000 -0.527981192700  2.183980556200",QM9 qsGW input / source EOM CSV retained separately,QM9 qsGW-BSE singlet-singlet,5.71242036,0.2099275762124111,"[5.71242036, 6.39107703, 6.42841433, 6.56313906, 6.9125865]","[0.2099275762124111, 0.23486774882489825, 0.23623986929176732, 0.24119091179956545, 0.2540328683555833]","[4.11544479, 5.13057858, 5.6136876, 5.88479696, 6.22833789]","[0.00020016, 0.00047327, 0.15891902, 0.00083463, 0.04513941]","[""-0.09589904"", ""-0.00138228"", ""0.00642066"", ""-0.13943624"", ""-0.00225336"", ""0.00892263"", ""0.16114590"", ""-1.36330455"", ""2.15276710"", ""-0.18264967"", ""-0.00404959"", ""0.01252983"", ""1.30920502"", ""0.01926312"", ""-0.08699916""]",5,QM9_xyz_files/mol_201.xyz,E_exc_SS/mol_201.dat,E_exc_ST/mol_201.dat,osc_stren/mol_201.dat,trans_dip_mom/mol_201.dat,6.688038098002507,"[6.688038098002507, 6.935442193583923, 7.230187956518819]",geometry_matched_to_qm9_mol_201; qm9_source=qm9randdiv60_195_C5H7N; generated=2026-07-15
qm9randdiv60_135_C5H6,candidate,C5H6,135,139,def2-tzvp,0,0,Angstrom,"C  0.002636719900 -1.191008851600 -0.014520201000
C  0.006951004600  0.012031422200  0.005648503400
C  0.009858413200  1.445248318400  0.028250842100
C  0.492732931900  2.189088461500  1.263826984800
C  1.326152750000  2.207076016300  0.017549290900
H -0.001875803600 -2.252216361600 -0.033745985100
H -0.809098455300  1.910179372100 -0.512695921500
H -0.046721579600  3.087316864000  1.541985730500
H  0.834021176900  1.587177549600  2.097354179900
H  2.234779927400  1.617403311700  0.002681091800
H  1.365098304600  3.117789827400 -0.569206105800",QM9 qsGW input / source EOM CSV retained separately,QM9 qsGW-BSE singlet-singlet,6.69914164,0.24618891442870575,"[6.69914164, 7.16341166, 7.25400086, 7.55541147, 8.03988868]","[0.24618891442870575, 0.26325052297018353, 0.2665796146666184, 0.2776562502806691, 0.2954604593577216]","[5.28151396, 6.07125219, 6.12190186, 6.83354745, 7.3021879]","[0.00073075, 0.02454939, 0.0040345, 0.03804906, 0.07379874]","[""0.09354831"", ""-0.00028140"", ""-0.14146743"", ""0.38570251"", ""0.82724164"", ""0.26573029"", ""-0.21125661"", ""0.00269669"", ""0.31941474"", ""-0.64045045"", ""-0.01568587"", ""0.95789449"", ""-1.14248308"", ""-0.71394235"", ""-0.77815441""]",5,QM9_xyz_files/mol_139.xyz,E_exc_SS/mol_139.dat,E_exc_ST/mol_139.dat,osc_stren/mol_139.dat,trans_dip_mom/mol_139.dat,7.197711738604794,"[7.197711738604794, 7.681174602469643, 7.848866796470615]",geometry_matched_to_qm9_mol_139; qm9_source=qm9randdiv60_135_C5H6; generated=2026-07-15
qm9randdiv60_37_C2H4O2,candidate,C2H4O2,37,38,def2-tzvp,0,0,Angstrom,"O  0.193758563500  1.371709952100  0.313982966900
C  0.049926370600  0.014054807300 -0.045262385300
C -1.408880245300 -0.396356799700 -0.206015741300
O -1.777294620500 -1.372338604000 -0.803616890200
H -0.017231856700  1.912691321900 -0.453377575400
H  0.604404781600 -0.265197658200 -0.952057252900
H  0.467404056600 -0.575216789200  0.781762697300
H -2.118350549800  0.300759619900  0.298705150900",QM9 qsGW input / source EOM CSV retained separately,QM9 qsGW-BSE singlet-singlet,4.54838741,0.16715015430978297,"[4.54838741, 7.44028684, 8.1189748, 8.46515497, 8.88505408]","[0.16715015430978297, 0.273425498162446, 0.29836682066122405, 0.3110887072593771, 0.32651971493403786]","[3.85322213, 5.89911015, 7.05385285, 7.7494546, 8.02915269]","[0.00013903, 0.00909849, 0.01173572, 0.00505706, 0.14031626]","[""0.02879015"", ""-0.05229286"", ""0.06706161"", ""-0.56326536"", ""0.05264815"", ""0.04927868"", ""0.52027565"", ""0.32174394"", ""0.08343512"", ""0.28624449"", ""-0.03634883"", ""-0.27253542"", ""-1.51136774"", ""1.21351757"", ""0.63841072""]",5,QM9_xyz_files/mol_38.xyz,E_exc_SS/mol_38.dat,E_exc_ST/mol_38.dat,osc_stren/mol_38.dat,trans_dip_mom/mol_38.dat,4.29304105721992,"[4.29304105721992, 7.780185039458954, 8.543294702069744]",geometry_matched_to_qm9_mol_38; qm9_source=qm9randdiv60_37_C2H4O2; generated=2026-07-15
qm9randdiv60_813_C2F3N,candidate,C2F3N,813,827,def2-tzvp,0,0,Angstrom,"F  0.012209376100  0.062624757600 -0.017509924900
C -0.012739691600  1.391858081300  0.002341977000
F  1.236887028700  1.845421897900 -0.019695689100
F -0.646235311800  1.825760212600 -1.083116290600
C -0.707560812100  1.870756795400  1.224033549200
N -1.246781689400  2.242443525200  2.172177338400",QM9 qsGW input / source EOM CSV retained separately,QM9 qsGW-BSE singlet-singlet,7.83826608,0.2880509654724283,"[7.83826608, 8.39028226, 8.39088254, 9.38084742, 9.42164765]","[0.2880509654724283, 0.30833718591742265, 0.30835924580053825, 0.3447397841182419, 0.3462391649153528]","[5.94904824, 6.92926872, 6.92993758, 7.78870868, 7.8389978]","[1.84e-06, 8.91e-05, 0.00013547, 0.01691601, 0.01701829]","[""-0.00479381"", ""0.00436535"", ""-0.00444720"", ""-0.02775559"", ""-0.00303030"", ""-0.04495224"", ""0.00161955"", ""-0.06161541"", ""0.02140724"", ""-0.30891701"", ""0.49268137"", ""-0.37060646"", ""-0.52281153"", ""-0.42889721"", ""-0.13795788""]",5,QM9_xyz_files/mol_827.xyz,E_exc_SS/mol_827.dat,E_exc_ST/mol_827.dat,osc_stren/mol_827.dat,trans_dip_mom/mol_827.dat,8.627667865687917,"[8.627667865687917, 9.005673496496883, 9.005675637381348]",geometry_matched_to_qm9_mol_827; qm9_source=qm9randdiv60_813_C2F3N; generated=2026-07-15
qm9randdiv60_523_C4H7NO,candidate,C4H7NO,523,533,def2-tzvp,0,0,Angstrom,"O -0.058896605900  1.438576758800  0.010210656400
C  0.025166819900  0.025303277000  0.001892157100
C -1.399824225500 -0.514564756900  0.012593691300
C -1.425206276500 -2.053849073800  0.004650181100
C -2.783203318100 -2.592840436600  0.014507015400
N -3.861219458900 -3.008580709100  0.022709898000
H  0.833229564000  1.797562961700  0.003413013200
H  0.555851568700 -0.341972627200 -0.892487367600
H  0.572751711300 -0.351429066700  0.882039255400
H -1.918574796500 -0.137658154300  0.899300403400
H -1.935334245300 -0.128354472600 -0.860030786600
H -0.908266879500 -2.441488848200 -0.881590761100
H -0.891597657700 -2.450843242100  0.876792064100",QM9 qsGW input / source EOM CSV retained separately,QM9 qsGW-BSE singlet-singlet,7.62936471,0.2803739817233626,"[7.62936471, 8.15774561, 8.66485508, 8.67214665, 9.05484288]","[0.2803739817233626, 0.29979162164892514, 0.3184275509402808, 0.31869551119537715, 0.3327593382470557]","[6.35442164, 7.2057224, 7.28615766, 7.29422013, 8.16047437]","[0.00307563, 1.431e-05, 0.0050483, 0.00033367, 0.03354843]","[""-0.00397283"", ""0.00175426"", ""-0.32601550"", ""-0.00366553"", ""-0.00404735"", ""0.02080553"", ""0.12510724"", ""0.37141179"", ""0.00606136"", ""0.00268724"", ""-0.01378510"", ""0.09974341"", ""0.01120408"", ""-0.00445815"", ""0.98836398""]",5,QM9_xyz_files/mol_533.xyz,E_exc_SS/mol_533.dat,E_exc_ST/mol_533.dat,osc_stren/mol_533.dat,trans_dip_mom/mol_533.dat,7.9613403800047555,"[7.9613403800047555, 8.749477999165215, 9.118845982953703]",geometry_matched_to_qm9_mol_533; qm9_source=qm9randdiv60_523_C4H7NO; generated=2026-07-15
qm9randdiv60_33_C2H3NO,candidate,C2H3NO,33,34,def2-tzvp,0,0,Angstrom,"O -0.037382207900  1.445478406100  0.010107687400
C  0.012929063700  0.034416606500  0.002091651600
C -1.357474515400 -0.488745233700  0.012397384100
N -2.421352773300 -0.936851843400  0.020160529100
H  0.868980567800  1.769729488000  0.004175766600
H  0.516927134200 -0.363297903500 -0.892158139700
H  0.533876160800 -0.372787490000  0.882239210900",QM9 qsGW input / source EOM CSV retained separately,QM9 qsGW-BSE singlet-singlet,7.55222039,0.27753898025366075,"[7.55222039, 8.01054635, 8.5131118, 8.73358863, 9.16807877]","[0.27753898025366075, 0.29438214861916717, 0.31285108825557023, 0.3209534623135073, 0.3369206804505127]","[6.19793269, 6.92680092, 7.16577552, 7.37280012, 7.94434347]","[0.00189791, 0.00262087, 0.00660396, 0.00047189, 0.00514108]","[""-0.00264766"", ""0.00180212"", ""-0.25740693"", ""-0.00325555"", ""0.00214305"", ""-0.29370188"", ""0.09319437"", ""0.44257555"", ""0.00172470"", ""-0.00157787"", ""0.00124805"", ""-0.11934824"", ""-0.00142549"", ""0.00165343"", ""-0.38453372""]",5,QM9_xyz_files/mol_34.xyz,E_exc_SS/mol_34.dat,E_exc_ST/mol_34.dat,osc_stren/mol_34.dat,trans_dip_mom/mol_34.dat,7.771085797562056,"[7.771085797562056, 8.56158026609493, 9.023806666173412]",geometry_matched_to_qm9_mol_34; qm9_source=qm9randdiv60_33_C2H3NO; generated=2026-07-15
qm9randdiv60_6532_C5H7NO2,candidate,C5H7NO2,6532,6733,def2-tzvp,0,0,Angstrom,"N -0.094179067800  0.957759380500 -0.705725959800
H  0.554819273900  0.503674093900 -0.067668263800
H  0.474133530000  1.531186035700 -1.323281006200
H -0.481783164200  0.218210518600 -1.285382775400
C -0.854714969800  1.604510105900  2.510843517500
C  0.157417179100  0.879980932700  2.928930807900
C  1.138839696100  0.176803809500  3.313290806100
C  2.150316869600 -0.547208560300  3.733835025300
C -0.146971908400  1.199724178400  6.319577038700
O -1.049255420100  1.846605752600  5.973612542300
O  0.749728218700  0.557585860200  6.688968855100
H -1.512397916000  2.103634869200  3.217124263000
H -1.051095810500  1.716625582200  1.446172758600
H  2.818266108400 -1.053374954000  3.042314156800
H  2.355275200800 -0.665702155000  4.793940634000",QM9 qsGW input / source EOM CSV retained separately,QM9 qsGW-BSE singlet-singlet,4.22826679,0.15538593851033256,"[4.22826679, 5.3456828, 6.04088372, 6.80193298, 7.08870603]","[0.15538593851033256, 0.19645021946605745, 0.22199838205194922, 0.24996642649923304, 0.26050514170497824]","[2.34395217, 3.83807463, 5.17378811, 5.71911491, 6.63423619]","[1e-08, 0.42389728, 0.00013091, 0.00239863, 0.04640536]","[""0.00038825"", ""0.00061848"", ""0.00000163"", ""-3.48773649"", ""2.49209119"", ""-1.59238406"", ""-0.04502089"", ""-0.06070572"", ""0.00158005"", ""-0.17943698"", ""-0.24643329"", ""0.00796825"", ""0.83035732"", ""-0.63170749"", ""-0.79857433""]",5,QM9_xyz_files/mol_6733.xyz,E_exc_SS/mol_6733.dat,E_exc_ST/mol_6733.dat,osc_stren/mol_6733.dat,trans_dip_mom/mol_6733.dat,4.59936960884257,"[4.59936960884257, 6.230736233893681, 6.319166908842078]",geometry_matched_to_qm9_mol_6733; qm9_source=qm9randdiv60_6532_C5H7NO2; generated=2026-07-15
qm9randdiv60_58_C3H4O2,candidate,C3H4O2,58,60,def2-tzvp,0,0,Angstrom,"C -0.431260664700  1.305866641600 -0.127585854000
C  0.252857151800 -0.010269883400  0.131388666700
O  0.698720990600 -0.368903332200  1.196046901700
C  0.389789426600 -0.967736803700 -1.062262080800
O -0.016112678100 -0.715642931200 -2.165837181200
H  0.100065645900  1.853244901200 -0.913325969100
H -1.442704331500  1.130693612100 -0.509233705900
H -0.467575536200  1.895481578200  0.788364794100
H  0.903298855500 -1.915588452700 -0.795319721500",QM9 qsGW input / source EOM CSV retained separately,QM9 qsGW-BSE singlet-singlet,3.10409801,0.11407349783429953,"[3.10409801, 4.77062156, 7.5458249, 7.94954493, 8.27988942]","[0.11407349783429953, 0.17531710868656583, 0.2773039503311796, 0.2921403877824147, 0.30428032387437715]","[2.42249135, 4.05925379, 4.98300164, 5.83502214, 7.29041924]","[0.00026302, 3.277e-05, 0.00014287, 0.04555826, 0.26573679]","[""0.13173441"", ""0.06165857"", ""-0.03447160"", ""-0.03738693"", ""-0.01772341"", ""0.00996243"", ""0.06152485"", ""0.03061297"", ""-0.01644089"", ""0.22758890"", ""-0.92119190"", ""-0.78156518"", ""-1.08251386"", ""0.88981333"", ""-2.54942955""]",5,QM9_xyz_files/mol_60.xyz,E_exc_SS/mol_60.dat,E_exc_ST/mol_60.dat,osc_stren/mol_60.dat,trans_dip_mom/mol_60.dat,3.1429766165051154,"[3.1429766165051154, 4.690075913718681, 7.614099907333372]",geometry_matched_to_qm9_mol_60; qm9_source=qm9randdiv60_58_C3H4O2; generated=2026-07-15
qm9randdiv60_76_C2H5NO2,candidate,C2H5NO2,76,79,def2-tzvp,0,0,Angstrom,"N -0.081156070800  1.318070260500  0.012767421600
C  0.054422585300 -0.044777325700  0.081553881700
O  1.121630735200 -0.597839495500  0.209405529400
C -1.286877863900 -0.790116421700  0.061784348400
O -1.046051135300 -2.139541950100 -0.239571576600
H  0.766233655700  1.859911284900 -0.044834253200
H -0.930213462100  1.745674475000 -0.315656151600
H -1.745596961600 -0.655213342100  1.055266995900
H -1.960260612000 -0.311492219000 -0.670262562800
H -1.856372960600 -2.630176456200 -0.076254782900",QM9 qsGW input / source EOM CSV retained separately,QM9 qsGW-BSE singlet-singlet,6.14471372,0.2258140641734475,"[6.14471372, 7.22678756, 7.56653059, 7.61787823, 8.06074921]","[0.2258140641734475, 0.2655795443374556, 0.27806487040385885, 0.2799518613691784, 0.2962270696954465]","[5.55256944, 5.83809376, 6.88519796, 7.14618086, 7.43937852]","[0.00125944, 0.01955452, 0.00270454, 0.03111386, 0.10388336]","[""-0.04164304"", ""-0.17322759"", ""0.14935338"", ""0.17173352"", ""0.18731543"", ""0.80557149"", ""0.07272636"", ""-0.02622311"", ""-0.29711628"", ""0.78770327"", ""0.59921729"", ""-0.31223440"", ""-0.64801268"", ""1.72438866"", ""-0.07063307""]",5,QM9_xyz_files/mol_79.xyz,E_exc_SS/mol_79.dat,E_exc_ST/mol_79.dat,osc_stren/mol_79.dat,trans_dip_mom/mol_79.dat,5.8351381425408215,"[5.8351381425408215, 7.772787696330519, 7.8761198709715705]",geometry_matched_to_qm9_mol_79; qm9_source=qm9randdiv60_76_C2H5NO2; generated=2026-07-15
qm9randdiv60_791_C5H3NO,candidate,C5H3NO,791,805,def2-tzvp,0,0,Angstrom,"O -0.067377402800  1.352993083800  0.010025961000
N  0.071255317900 -0.016873905600  0.001370344000
C -1.076159774200 -0.620278493200  0.009083522400
C -1.062181720600 -2.046726497900  0.001316392900
C -1.099619730300 -3.248741348800 -0.004763123800
C -2.339883741600  0.042317854900  0.024684128700
C -3.415957498400  0.579567973500  0.037823190700
H  0.848254746200  1.656104690400  0.002917130700
H -1.121663792900 -4.310629456500 -0.010249289500
H -4.364807483300  1.057274859500  0.049428570600",QM9 qsGW input / source EOM CSV retained separately,QM9 qsGW-BSE singlet-singlet,5.32843621,0.19581641897371602,"[5.32843621, 5.33689161, 5.62986451, 5.87892991, 6.15022103]","[0.19581641897371602, 0.1961271491924401, 0.20689370468327603, 0.2160466893106844, 0.22601645408295867]","[2.69965279, 4.60133264, 4.61277476, 5.03487119, 5.37573044]","[0.27216723, 0.0002897, 0.00187829, 0.00060606, 0.10855739]","[""2.80236555"", ""2.36976636"", ""-0.01413929"", ""0.00288699"", ""0.00086356"", ""0.11960466"", ""-0.00305172"", ""0.00152119"", ""-0.29659052"", ""0.00146997"", ""-0.00214089"", ""0.16485723"", ""-1.29533165"", ""1.72515881"", ""0.02175607""]",5,QM9_xyz_files/mol_805.xyz,E_exc_SS/mol_805.dat,E_exc_ST/mol_805.dat,osc_stren/mol_805.dat,trans_dip_mom/mol_805.dat,5.573151388172098,"[5.573151388172098, 6.073860011486822, 6.132791625182306]",geometry_matched_to_qm9_mol_805; qm9_source=qm9randdiv60_791_C5H3NO; generated=2026-07-15
qm9randdiv60_115_C5H8,candidate,C5H8,115,119,def2-tzvp,0,0,Angstrom,"C -0.173054744600  1.533839869800  0.045282896400
C  0.151450787500  0.031608381500 -0.047053612000
C  0.805653023400 -0.487808597000  1.149923714000
C  1.344308369000 -0.893034224700  2.147861194600
C  1.996231341500 -1.393329732000  3.350194208700
H  0.738715676500  2.119532818800  0.191187914700
H -0.661121003800  1.877661509900 -0.871798193300
H -0.840403708900  1.735609588900  0.887651183300
H -0.773590009700 -0.530123998600 -0.231575919500
H  0.790237491200 -0.149918474000 -0.921291303800
H  1.409729413000 -2.190227156900  3.821204015500
H  2.988095652800 -1.802231661200  3.126846307300
H  2.127698872100 -0.598574544500  4.093138064200",QM9 qsGW input / source EOM CSV retained separately,QM9 qsGW-BSE singlet-singlet,7.09713993,0.2608150818132755,"[7.09713993, 7.23438688, 7.26054167, 7.53980111, 7.56607072]","[0.2608150818132755, 0.2658588141964515, 0.2668199850005981, 0.27708258013175113, 0.27804797049306995]","[5.61657201, 6.43759682, 6.46113985, 6.97195715, 7.0153762]","[0.00217839, 0.02344364, 0.00761208, 0.00310777, 0.00031154]","[""0.25434669"", ""0.05989353"", ""-0.11251648"", ""0.24512376"", ""-0.88829776"", ""0.07333322"", ""0.47110111"", ""0.10856457"", ""-0.20674471"", ""0.14297113"", ""-0.07041916"", ""0.28860364"", ""-0.09098460"", ""-0.02430572"", ""0.04459713""]",5,QM9_xyz_files/mol_119.xyz,E_exc_SS/mol_119.dat,E_exc_ST/mol_119.dat,osc_stren/mol_119.dat,trans_dip_mom/mol_119.dat,7.522824032840779,"[7.522824032840779, 7.848643641675811, 7.863978576704484]",geometry_matched_to_qm9_mol_119; qm9_source=qm9randdiv60_115_C5H8; generated=2026-07-15
qm9randdiv60_3765_C2N4O,candidate,C2N4O,3765,3827,def2-tzvp,0,0,Angstrom,"N  0.046171864300 -1.135747452300 -0.004506542300
C -0.004571376200  0.018209309000  0.002745139000
C -0.048800139300  1.437290604700  0.011425198300
N -1.148119818200  2.145591849900  0.029788249100
O -0.724833468600  3.414496114900  0.031518531800
N  0.682946259600  3.431988643300  0.013271927900
N  1.078401558300  2.244531720600  0.001336006200",QM9 qsGW input / source EOM CSV retained separately,QM9 qsGW-BSE singlet-singlet,5.54660034,0.20383380287425754,"[5.54660034, 6.05200965, 6.17953479, 6.71911889, 7.05495029]","[0.20383380287425754, 0.22240725243802298, 0.2270937148933785, 0.24692306482513934, 0.2592646411404406]","[3.63944883, 4.52744579, 5.12078302, 5.12122793, 5.44109522]","[0.00418841, 0.00311801, 0.08940028, 2.48e-06, 0.1132695]","[""-0.00555870"", ""0.00275452"", ""-0.44619282"", ""-0.00519025"", ""0.00258737"", ""-0.36854353"", ""1.44091017"", ""-1.31835986"", ""-0.02584231"", ""-0.00326932"", ""0.00232133"", ""-0.00902295"", ""0.16308202"", ""2.05111199"", ""0.01018801""]",5,QM9_xyz_files/mol_3827.xyz,E_exc_SS/mol_3827.dat,E_exc_ST/mol_3827.dat,osc_stren/mol_3827.dat,trans_dip_mom/mol_3827.dat,5.776443189648318,"[5.776443189648318, 6.363759557076868, 6.656154366743375]",geometry_matched_to_qm9_mol_3827; qm9_source=qm9randdiv60_3765_C2N4O; generated=2026-07-15
qm9randdiv60_215_C4H8N2,candidate,C4H8N2,215,221,def2-tzvp,0,0,Angstrom,"C -0.030282010700  1.537865529600  0.001637556100
C -0.000841378400 -0.000162287600  0.012422171400
C  0.743536501100 -0.525277046200  1.252029733600
N -1.383948923300 -0.492006596400  0.056868480800
C  0.704717983500 -0.475026861800 -1.207600812400
N  1.214464967800 -0.866315424400 -2.169421450500
H  0.982609345900  1.947518631200 -0.007690048100
H -0.556743852400  1.911821040700 -0.881438901900
H -0.554822543400  1.887084664800  0.894448990200
H  0.221433128500 -0.182411095500  2.148718737700
H  0.767475611500 -1.618994352900  1.258501537600
H  1.774060617300 -0.162636293400  1.271117191600
H -1.890468845800 -0.182503269100 -0.768320191500
H -1.393210091500 -1.508240319100  0.035092905300",QM9 qsGW input / source EOM CSV retained separately,QM9 qsGW-BSE singlet-singlet,7.20543613,0.26479489375747467,"[7.20543613, 8.07605943, 8.50038312, 8.54485526, 8.85070677]","[0.26479489375747467, 0.2967897099028066, 0.31238331789337936, 0.3140176388940802, 0.32525747457298076]","[6.31622472, 6.80924413, 7.25816176, 7.25872585, 8.02029647]","[0.0299274, 2.574e-05, 0.00159554, 0.0141803, 0.00048624]","[""-0.42559884"", ""0.37369507"", ""0.88004219"", ""-0.00608955"", ""0.02327509"", ""-0.01617902"", ""0.06984142"", ""-0.17722291"", ""0.11493839"", ""0.62733271"", ""0.15435488"", ""-0.14226378"", ""-0.04450144"", ""0.09629258"", ""-0.05687301""]",5,QM9_xyz_files/mol_221.xyz,E_exc_SS/mol_221.dat,E_exc_ST/mol_221.dat,osc_stren/mol_221.dat,trans_dip_mom/mol_221.dat,7.669168735085353,"[7.669168735085353, 8.535388009893644, 8.800182846305894]",geometry_matched_to_qm9_mol_221; qm9_source=qm9randdiv60_215_C4H8N2; generated=2026-07-15
qm9randdiv60_315_C3HNO2,candidate,C3HNO2,315,325,def2-tzvp,0,0,Angstrom,"O -0.077858447600  0.006191401900  0.001239929700
C -0.016840945700  1.199860454200  0.006893721100
C  1.353589727300  1.924409899300 -0.000551199900
O  2.401414222500  1.341610841500 -0.012073985400
C  1.255173279400  3.394697341200  0.007861806400
N  1.114105366700  4.542752179300  0.014940043100
H -0.903594242700  1.866253042700  0.017607225000",QM9 qsGW input / source EOM CSV retained separately,QM9 qsGW-BSE singlet-singlet,2.95775809,0.10869560496705995,"[2.95775809, 4.27582252, 5.99065257, 6.64248288, 7.02809563]","[0.10869560496705995, 0.15713357935340103, 0.22015242133734556, 0.24410674340339264, 0.2582777505881829]","[2.2784429, 3.56418346, 4.22909837, 5.05033706, 5.52896654]","[1.043e-05, 0.00027221, 2e-08, 0.0921323, 0.00216983]","[""-0.00026724"", ""0.00018316"", ""-0.03049673"", ""-0.00115759"", ""0.00083420"", ""-0.12955842"", ""0.00009377"", ""-0.00039247"", ""0.00078217"", ""0.76807427"", ""-1.75139000"", ""-0.01521656"", ""0.00398287"", ""-0.00603942"", ""0.28523809""]",5,QM9_xyz_files/mol_325.xyz,E_exc_SS/mol_325.dat,E_exc_ST/mol_325.dat,osc_stren/mol_325.dat,trans_dip_mom/mol_325.dat,3.063428665439868,"[3.063428665439868, 4.314335814383786, 6.804049190022856]",geometry_matched_to_qm9_mol_325; qm9_source=qm9randdiv60_315_C3HNO2; generated=2026-07-15
qm9randdiv60_21313_C3H2N4O,candidate,C3H2N4O,21313,21752,def2-tzvp,0,0,Angstrom,"O -0.072505555000  1.329872597200  0.009870722800
C  1.256780940500  1.685049120600 -0.000928652700
N  2.103808582100  0.707350799500 -0.014276708100
N  1.269321159400 -0.376161150800 -0.012111108300
N  1.394813319000 -1.720988323700 -0.020558727600
C  0.104365417700 -2.066389354000 -0.009997475900
N -0.828320056400 -1.051431347100  0.004317972400
C -0.023199746700 -0.021267574200  0.002158395000
H  1.485790678100  2.736883156000  0.002521314700
H -0.186623398700 -3.105770573500 -0.012783402300",QM9 qsGW input / source EOM CSV retained separately,QM9 qsGW-BSE singlet-singlet,6.25160418,0.22974221612549145,"[6.25160418, 6.51395119, 7.0324002, 7.30048936, 7.61441776]","[0.22974221612549145, 0.23938329091780122, 0.25843594061794056, 0.26828803553058134, 0.27982469144226924]","[4.15008681, 4.75423376, 5.94673446, 6.30227616, 6.31216451]","[0.18336364, 0.03433726, 0.00471476, 0.0012708, 0.03284264]","[""-0.90390476"", ""-2.63008911"", ""-0.00537013"", ""0.64543258"", ""-0.98657631"", ""-0.01128826"", ""-0.00364947"", ""0.00264761"", ""-0.42044244"", ""0.00963864"", ""-0.02167039"", ""0.21293102"", ""-1.03682596"", ""-0.24967943"", ""0.00632519""]",5,QM9_xyz_files/mol_21752.xyz,E_exc_SS/mol_21752.dat,E_exc_ST/mol_21752.dat,osc_stren/mol_21752.dat,trans_dip_mom/mol_21752.dat,6.819802246086714,"[6.819802246086714, 6.9672117965026885, 7.280345299449027]",geometry_matched_to_qm9_mol_21752; qm9_source=qm9randdiv60_21313_C3H2N4O; generated=2026-07-15
qm9randdiv60_16_C2H4O,candidate,C2H4O,16,17,def2-tzvp,0,0,Angstrom,"C  0.015377197800  1.417643800300  0.009562866300
C  1.264781612200  0.649239838400 -0.006550437700
O -0.000240178800 -0.007710059000  0.002040547400
H -0.317633263500  1.885865979700  0.934757510200
H -0.335275829300  1.895766732700 -0.903975782300
H  1.832466819600  0.562568476500 -0.931932902600
H  1.850082581900  0.552679381300  0.906801468800",QM9 qsGW input / source EOM CSV retained separately,QM9 qsGW-BSE singlet-singlet,8.3933381,0.3084494859660999,"[8.3933381, 8.68128124, 8.93168626, 9.16886708, 9.40103583]","[0.3084494859660999, 0.3190312011862297, 0.32823341594061095, 0.336949650308677, 0.3454816945015461]","[7.97267843, 8.15021921, 8.50369965, 8.64889478, 8.70856013]","[0.02908371, 0.02148227, 0.0, 0.00296213, 1e-08]","[""0.00889279"", ""-0.00554698"", ""0.95583966"", ""0.00773368"", ""-0.00437882"", ""0.80774725"", ""0.00006774"", ""-0.00001195"", ""-0.00005887"", ""0.15300163"", ""0.24855969"", ""0.00010790"", ""-0.00012711"", ""-0.00015639"", ""-0.00037648""]",5,QM9_xyz_files/mol_17.xyz,E_exc_SS/mol_17.dat,E_exc_ST/mol_17.dat,osc_stren/mol_17.dat,trans_dip_mom/mol_17.dat,8.844844451966663,"[8.844844451966663, 9.096655150426876, 9.385893174102483]",geometry_matched_to_qm9_mol_17; qm9_source=qm9randdiv60_16_C2H4O; generated=2026-07-15
qm9randdiv60_44_C3H7N,candidate,C3H7N,44,45,def2-tzvp,0,0,Angstrom,"C -0.052755405700  1.474195739800  0.009991076600
N  0.019405159600  0.021899472600  0.063348657600
C  1.325110480600 -0.564468495900 -0.214207249500
C  0.780517587200 -0.540579928400  1.172427597800
H  0.867842018400  1.971760759300  0.362972851100
H -0.238451546600  1.790950052900 -1.021428662400
H -0.886834480200  1.819389592200  0.629503981200
H  1.319929093800 -1.481867820500 -0.796020378500
H  2.152028195700  0.110202038300 -0.432852484600
H  1.245635697300  0.149960984200  1.874992449800
H  0.370133579800 -1.440204474400  1.622333651100",QM9 qsGW input / source EOM CSV retained separately,QM9 qsGW-BSE singlet-singlet,7.21751065,0.2652386241830711,"[7.21751065, 7.87000981, 7.99902233, 8.16685816, 8.64962105]","[0.2652386241830711, 0.28921752603325535, 0.2939586486954284, 0.30012650168471694, 0.3178677106637772]","[6.9457025, 7.53142326, 7.63589381, 7.87398513, 8.21011612]","[0.02152572, 0.01434438, 0.02057606, 0.08413163, 0.00280674]","[""0.67547876"", ""0.51430048"", ""0.25629072"", ""0.25332458"", ""-0.01112460"", ""-0.64524116"", ""0.76314681"", ""-0.07243609"", ""0.30112579"", ""-1.50311732"", ""-0.33896518"", ""-0.58502323"", ""0.17612686"", ""0.22433897"", ""0.06495689""]",5,QM9_xyz_files/mol_45.xyz,E_exc_SS/mol_45.dat,E_exc_ST/mol_45.dat,osc_stren/mol_45.dat,trans_dip_mom/mol_45.dat,7.9468348222268235,"[7.9468348222268235, 8.933399611328854, 9.16909610812869]",geometry_matched_to_qm9_mol_45; qm9_source=qm9randdiv60_44_C3H7N; generated=2026-07-15
qm9randdiv60_715_C2H2N4,candidate,C2H2N4,715,725,def2-tzvp,0,0,Angstrom,"C -0.020750634100  1.385438870700  0.010467312800
N  1.116585430100  2.065396803200  0.003090371600
N  2.258460005200  1.378843211000 -0.012096249500
N  2.276276779000  0.064629122800 -0.019771590900
N  1.153434752600 -0.652755286000 -0.012730141000
C -0.001914015200 -0.004009202600  0.002406098300
H -0.939643346200  1.964449434000  0.022795077200
H -0.904771171400 -0.607820313100  0.007897861500",QM9 qsGW input / source EOM CSV retained separately,QM9 qsGW-BSE singlet-singlet,3.3366684,0.12262030202492727,"[3.3366684, 3.6546698, 4.1101704, 4.37574115, 5.6940679]","[0.12262030202492727, 0.1343066379258366, 0.15104597622644075, 0.16080552127862105, 0.20925313574715526]","[2.51074771, 3.13287978, 3.32054483, 3.72354838, 4.41219164]","[0.00584173, 0.0, 0.0, 0.00702108, 0.02915814]","[""0.00669286"", ""-0.00390786"", ""0.67942218"", ""0.00002343"", ""-0.00018890"", ""0.00006619"", ""-0.00013769"", ""-0.00042971"", ""0.00004654"", ""0.00642651"", ""-0.00363854"", ""0.65043164"", ""1.16187957"", ""0.01580784"", ""-0.01139562""]",5,QM9_xyz_files/mol_725.xyz,E_exc_SS/mol_725.dat,E_exc_ST/mol_725.dat,osc_stren/mol_725.dat,trans_dip_mom/mol_725.dat,3.530096949308443,"[3.530096949308443, 3.7686899967960197, 4.21368427589934]",geometry_matched_to_qm9_mol_725; qm9_source=qm9randdiv60_715_C2H2N4; generated=2026-07-15
qm9randdiv60_14318_C8H10,candidate,C8H10,14318,14640,def2-tzvp,0,0,Angstrom,"C -0.009748058600  1.497802384100  0.009391552800
C -0.005981296900  0.044703437000 -0.084905157200
C  0.010670552800 -1.156566235500 -0.168169043700
C -0.008672071300 -2.611856787200 -0.253452551600
C -1.350731227500 -3.217288368100  0.239313238000
C -1.370080283800 -4.672578012200  0.154007276000
C -1.353449946400 -5.873844174300  0.070689686600
C -1.349774663900 -7.326941536000 -0.023643089500
H  0.808953678400  1.859161456900  0.641678615000
H  0.104026557600  1.962512308900 -0.976374376800
H -0.946959573200  1.866308796100  0.441269684800
H  0.164718633900 -2.934532268300 -1.286913263700
H  0.808855741700 -3.038438817200  0.339758238000
H -1.524115149900 -2.894624719800  1.272778685900
H -2.168259226500 -2.790695870100 -0.353889683000
H -2.165459678800 -7.687977802500 -0.660000110900
H -0.410571604100 -7.695789712000 -0.450877941300
H -1.468606003600 -7.791631649600  0.961535470700",QM9 qsGW input / source EOM CSV retained separately,QM9 qsGW-BSE singlet-singlet,7.09552493,0.26075573165796184,"[7.09552493, 7.12894652, 7.20850558, 7.27216719, 7.29697447]","[0.26075573165796184, 0.26198395243649447, 0.26490769396442676, 0.26724721498053766, 0.26815886570555936]","[5.57530293, 5.60209772, 6.39215161, 6.43836473, 6.44541547]","[1e-08, 0.00105142, 8e-08, 0.02179017, 2e-08]","[""0.00041741"", ""0.00030811"", ""-0.00038635"", ""-0.07679900"", ""0.01310197"", ""-0.18116819"", ""-0.00008172"", ""-0.00174041"", ""0.00020118"", ""0.32563051"", ""-0.04636937"", ""0.82580538"", ""0.00068719"", ""-0.00064792"", ""0.00004433""]",5,QM9_xyz_files/mol_14640.xyz,E_exc_SS/mol_14640.dat,E_exc_ST/mol_14640.dat,osc_stren/mol_14640.dat,trans_dip_mom/mol_14640.dat,7.477905588922025,"[7.477905588922025, 7.519017140009304, 7.824993135642649]",geometry_matched_to_qm9_mol_14640; qm9_source=qm9randdiv60_14318_C8H10; generated=2026-07-15
qm9randdiv60_5499_C6H4O2,candidate,C6H4O2,5499,5661,def2-tzvp,0,0,Angstrom,"O -0.053813096000  1.355376600400  0.009924077100
C  1.257902930500  1.776070098500 -0.000547909000
C  2.148662111600  0.738194671400 -0.014643910200
C  1.313775466300 -0.413637194600 -0.012767969900
C  0.012625174800  0.002483529100  0.002028230000
C -0.822261185400 -1.149348551600  0.003932137000
C  0.068497168100 -2.187223500100 -0.010251412800
O  1.380213818700 -1.766530345900 -0.020655563100
H  1.392987591100  2.844672692300  0.003834286400
H  3.222997973700  0.818670719500 -0.024575801600
H -1.896596805400 -1.229824727700  0.013887625300
H -0.066588058100 -3.255825861400 -0.014675639100",QM9 qsGW input / source EOM CSV retained separately,QM9 qsGW-BSE singlet-singlet,5.27390756,0.1938125280470625,"[5.27390756, 6.21969473, 6.5211516, 6.6523745, 6.96279235]","[0.1938125280470625, 0.22856956546699347, 0.239647901104688, 0.24447025373361178, 0.25587789931233595]","[3.10122775, 4.50249348, 5.07696451, 6.08420101, 6.2383242]","[0.34524084, 0.01992339, 2.174e-05, 9e-08, 3e-08]","[""-1.34538385"", ""-3.93091660"", ""-0.00804723"", ""0.00922899"", ""-0.00353550"", ""0.91902132"", ""-0.00034418"", ""0.00058719"", ""-0.02963953"", ""0.00175248"", ""-0.00080884"", ""-0.00011110"", ""-0.00027558"", ""0.00026693"", ""0.00100458""]",5,QM9_xyz_files/mol_5661.xyz,E_exc_SS/mol_5661.dat,E_exc_ST/mol_5661.dat,osc_stren/mol_5661.dat,trans_dip_mom/mol_5661.dat,6.107353182868744,"[6.107353182868744, 6.818200460806661, 6.930108899353223]",geometry_matched_to_qm9_mol_5661; qm9_source=qm9randdiv60_5499_C6H4O2; generated=2026-07-15
qm9randdiv60_21327_CN6O,candidate,CN6O,21327,21768,def2-tzvp,0,0,Angstrom,"O -0.146847395500  1.304623660100  0.010615474000
N  1.239518403500  1.786873670400  0.000077749100
N  2.021946281100  0.812200852400 -0.013245464200
N  1.279335700400 -0.311943136700 -0.012053599200
N  1.437476048700 -1.663857248500 -0.020618586400
N  0.218506483600 -2.101894984200 -0.011816539700
N -0.745877465300 -1.111080952500  0.002913978200
C -0.033134316500 -0.015681991000  0.002206108200",QM9 qsGW input / source EOM CSV retained separately,QM9 qsGW-BSE singlet-singlet,5.42227037,0.19926476075063798,"[5.42227037, 5.46178486, 5.93542132, 6.25984134, 6.58048715]","[0.19926476075063798, 0.2007168914742547, 0.2181227103369314, 0.23004492617214387, 0.24182844234810771]","[3.98100904, 4.0991506, 4.40023223, 5.09949636, 5.55009674]","[0.02959823, 0.00981107, 0.00375681, 0.1432925, 0.00180788]","[""0.99503729"", ""-0.67006784"", ""-0.01854640"", ""-0.01310586"", ""0.01192421"", ""-0.68801901"", ""-0.00427814"", ""0.00282960"", ""-0.40851059"", ""0.63019942"", ""2.37466433"", ""0.00835335"", ""0.00975175"", ""-0.00858140"", ""0.26884561""]",5,QM9_xyz_files/mol_21768.xyz,E_exc_SS/mol_21768.dat,E_exc_ST/mol_21768.dat,osc_stren/mol_21768.dat,trans_dip_mom/mol_21768.dat,5.747779266671585,"[5.747779266671585, 5.958415175978116, 6.29977474820653]",geometry_matched_to_qm9_mol_21768; qm9_source=qm9randdiv60_21327_CN6O; generated=2026-07-15
qm9randdiv60_12_C3H8,candidate,C3H8,12,13,def2-tzvp,0,0,Angstrom,"C -0.031138251100  1.540815817600  0.031921255700
C  0.012153467300  0.010922351200 -0.016032589000
C  0.721691286200 -0.525833525700 -1.262305701400
H  0.979559873600  1.964591164500  0.030983668800
H -0.558402225000  1.948311922100 -0.838160748900
H -0.542522522900  1.901535314200  0.930056707200
H  0.515227913400 -0.368402336600  0.882311343000
H -1.010706413600 -0.384569987200  0.020517825500
H  1.758512104600 -0.173765849600 -1.308715164200
H  0.740871919900 -1.620249585800 -1.275165112800
H  0.220233507600 -0.190511794900 -2.177290203800",QM9 qsGW input / source EOM CSV retained separately,QM9 qsGW-BSE singlet-singlet,9.64758908,0.35454235931925093,"[9.64758908, 9.81184716, 9.90450279, 10.57315818, 10.80608042]","[0.35454235931925093, 0.3605787324211254, 0.36398376401938376, 0.388556396370982, 0.39711613081061725]","[9.17073705, 9.37762505, 9.43996691, 9.98456254, 10.14723093]","[0.00257148, 0.0524134, 0.00742764, 2e-08, 0.01398756]","[""-0.23073398"", ""-0.00218481"", ""-0.13055057"", ""-0.34999657"", ""0.96121356"", ""0.60183628"", ""0.17487609"", ""0.26062484"", ""-0.31503523"", ""0.00068330"", ""0.00013941"", ""0.00020565"", ""-0.22941560"", ""-0.34238701"", ""0.41409511""]",5,QM9_xyz_files/mol_13.xyz,E_exc_SS/mol_13.dat,E_exc_ST/mol_13.dat,osc_stren/mol_13.dat,trans_dip_mom/mol_13.dat,10.503231523940068,"[10.503231523940068, 10.723611666290653, 10.80385264373982]",geometry_matched_to_qm9_mol_13; qm9_source=qm9randdiv60_12_C3H8; generated=2026-07-15
qm9randdiv60_45_C3H6O,candidate,C3H6O,45,46,def2-tzvp,0,0,Angstrom,"O  0.215775832600  1.353868588700 -0.106951070400
C  0.016280987500 -0.028327177000 -0.029156937000
C -0.390814649100 -0.714970094700  1.243156693900
C -1.351181379000 -0.642803801100  0.062735886900
H -0.436423382100  1.790628493300  0.450067613600
H  0.749811669200 -0.524040496500 -0.656247670500
H  0.059593753700 -1.668404825900  1.497292368900
H -0.613693534300 -0.088480064500  2.101706404900
H -2.198219322800  0.030584301100  0.154114507600
H -1.563959115700 -1.546404263300 -0.498265147900",QM9 qsGW input / source EOM CSV retained separately,QM9 qsGW-BSE singlet-singlet,6.95039593,0.2554223392799312,"[6.95039593, 7.8818914, 8.31042034, 8.40454103, 8.58596488]","[0.2554223392799312, 0.2896541664121244, 0.3054023144897763, 0.30886118604998125, 0.315528389563979]","[6.66882161, 7.68027588, 8.06860596, 8.10808589, 8.33617157]","[0.01234146, 5.63e-06, 0.0169357, 0.00601392, 0.00751095]","[""0.43132987"", ""-0.03243520"", ""0.53022423"", ""-0.00851453"", ""0.00081399"", ""-0.01072849"", ""-0.51760168"", ""-0.33108606"", ""0.39982213"", ""-0.27399072"", ""0.02043248"", ""-0.33645561"", ""-0.34641181"", ""-0.19627687"", ""0.26861815""]",5,QM9_xyz_files/mol_46.xyz,E_exc_SS/mol_46.dat,E_exc_ST/mol_46.dat,osc_stren/mol_46.dat,trans_dip_mom/mol_46.dat,7.479389237071344,"[7.479389237071344, 8.3735507952913, 9.10499495010596]",geometry_matched_to_qm9_mol_46; qm9_source=qm9randdiv60_45_C3H6O; generated=2026-07-15
qm9randdiv60_14240_C8H2,candidate,C8H2,14240,14562,def2-tzvp,0,0,Angstrom,"C  0.103553283900 -7.695313150100 -0.042102940000
C  0.090998295400 -6.485224202500 -0.031876083700
C  0.074978130900 -5.135138487700 -0.023297485500
C  0.059885485200 -3.913800987700 -0.016005968500
C  0.042577277000 -2.572443451300 -0.008674798800
C  0.024855119500 -1.351185178100 -0.003206428900
C  0.001125434500 -0.001223529800  0.000573906600
C -0.020174919500  1.208802078000  0.005307453900
H  0.112179906700 -8.757620899700 -0.053294080200
H -0.035091603600  2.270978619000  0.011186805100",QM9 qsGW input / source EOM CSV retained separately,QM9 qsGW-BSE singlet-singlet,3.51258738,0.12908520529775985,"[3.51258738, 3.72789078, 3.72790221, 5.14508525, 5.45072206]","[0.12908520529775985, 0.13699745930987378, 0.13699787935462623, 0.18907839547346042, 0.20031034107288986]","[2.43785218, 3.06304444, 3.06304525, 3.51258765, 4.01081723]","[0.0, 3e-08, 5e-08, 1.59e-06, 5.6e-07]","[""-0.00002857"", ""0.00008367"", ""-0.00000752"", ""0.00040981"", ""-0.00072356"", ""-0.00104786"", ""-0.00104834"", ""-0.00139928"", ""-0.00041532"", ""-0.00152523"", ""0.00873118"", ""0.00175111"", ""0.00103988"", ""-0.00510279"", ""-0.00044656""]",5,QM9_xyz_files/mol_14562.xyz,E_exc_SS/mol_14562.dat,E_exc_ST/mol_14562.dat,osc_stren/mol_14562.dat,trans_dip_mom/mol_14562.dat,4.148710599618707,"[4.148710599618707, 4.343188909877581, 4.343188942048812]",geometry_matched_to_qm9_mol_14562; qm9_source=qm9randdiv60_14240_C8H2; generated=2026-07-15
qm9randdiv60_21999_C7H3NO,candidate,C7H3NO,21999,22461,def2-tzvp,0,0,Angstrom,"O -0.038349545400  1.343915915500  0.009444584600
N  0.085495627500 -0.025799217800  0.000922450200
C -1.071523252900 -0.616530111500  0.008839723800
C -1.077163431300 -2.043396206000  0.001251345200
C -1.133158543900 -3.244628264100 -0.004645982800
C -2.321236085700  0.059548472900  0.024428122900
C -3.393981345900  0.624505302900  0.037726612300
C -4.596356316900  1.253013145400  0.052606850500
C -5.666531521100  1.813319581100  0.065859355600
H  0.880116784900  1.638978614700  0.002227428800
H -1.171560014200 -4.306109102300 -0.009965722400
H -6.607996165100  2.304641179300  0.077505851500",QM9 qsGW input / source EOM CSV retained separately,QM9 qsGW-BSE singlet-singlet,4.32227293,0.15884060043568227,"[4.32227293, 4.65232489, 5.06010623, 5.46821083, 5.48829312]","[0.15884060043568227, 0.17096978624842868, 0.18595547408930896, 0.2009530415160758, 0.20169105206131072]","[2.48223316, 3.70748577, 3.9186065, 4.28812017, 4.53393163]","[3.424e-05, 0.18718368, 1.985e-05, 0.17376471, 0.00216979]","[""0.00105038"", ""0.00011997"", ""0.04569110"", ""3.25177266"", ""0.18654040"", ""-0.03045195"", ""0.00099741"", ""0.00037036"", ""0.03214185"", ""-1.64438162"", ""-2.38235284"", ""0.00295326"", ""-0.00828335"", ""0.00480685"", ""-0.32274023""]",5,QM9_xyz_files/mol_22461.xyz,E_exc_SS/mol_22461.dat,E_exc_ST/mol_22461.dat,osc_stren/mol_22461.dat,trans_dip_mom/mol_22461.dat,5.006973146136994,"[5.006973146136994, 5.348421579826847, 5.500347662594137]",geometry_matched_to_qm9_mol_22461; qm9_source=qm9randdiv60_21999_C7H3NO; generated=2026-07-15
qm9randdiv60_105_C3H2N2,candidate,C3H2N2,105,109,def2-tzvp,0,0,Angstrom,"N -0.058854373500 -1.170851876100 -0.003722237500
C -0.012816536000 -0.018100756700  0.002177050700
C  0.012024387900  1.447236050500  0.009723608800
C  1.370944579500  1.995987341800 -0.000300963700
N  2.430245087700  2.452945133800 -0.007954717500
H -0.534209601000  1.821409456400 -0.864073657600
H -0.517425304600  1.812030650300  0.897700786800",QM9 qsGW input / source EOM CSV retained separately,QM9 qsGW-BSE singlet-singlet,7.97134507,0.2929415281507491,"[7.97134507, 8.09745821, 8.53755063, 8.611607, 8.61288539]","[0.2929415281507491, 0.29757610056319256, 0.31374919869283624, 0.3164707200931257, 0.3165177000591019]","[6.19151542, 6.23243783, 7.11171408, 7.15580771, 7.20226492]","[0.00017637, 5.2e-07, 0.00357152, 0.00048912, 0.00357926]","[""-0.00070958"", ""0.00018390"", ""-0.07638040"", ""0.00012137"", ""0.00022095"", ""-0.00410706"", ""0.17150962"", ""0.28442427"", ""-0.00071624"", ""-0.00195511"", ""0.00222324"", ""-0.12234682"", ""0.28629192"", ""-0.16613608"", ""-0.00457832""]",5,QM9_xyz_files/mol_109.xyz,E_exc_SS/mol_109.dat,E_exc_ST/mol_109.dat,osc_stren/mol_109.dat,trans_dip_mom/mol_109.dat,8.638826894609558,"[8.638826894609558, 8.778322835232641, 9.096614951188796]",geometry_matched_to_qm9_mol_109; qm9_source=qm9randdiv60_105_C3H2N2; generated=2026-07-15
qm9randdiv60_23294_C3HFN2O2,candidate,C3HFN2O2,23294,23803,def2-tzvp,0,0,Angstrom,"F  0.039613092600  0.057803158200  0.002630717200
C -0.053671653600  1.365159937900  0.011012421300
C -1.227711048000  2.013841811300  0.030662662800
C -1.197135539800  3.461672359100  0.038256324500
O -2.122879295300  4.217200022400  0.054240800400
O  0.103245587500  4.002204074000  0.022714192200
N  1.270082172800  3.227135533900  0.002510719500
N  1.180203367400  1.987625374100 -0.002697533600
H -2.182463093700  1.505888989100  0.040955665500",QM9 qsGW input / source EOM CSV retained separately,QM9 qsGW-BSE singlet-singlet,4.04868869,0.14878656505774054,"[4.04868869, 4.93548836, 5.08591352, 5.88249596, 6.50564845]","[0.14878656505774054, 0.18137585183583507, 0.18690387450399953, 0.2161777392310289, 0.2390781708506005]","[2.81575377, 3.07619761, 4.60439773, 4.61599958, 5.14086014]","[0.00423194, 0.07535943, 0.00081485, 0.00171857, 0.01355739]","[""-0.00730699"", ""0.00247493"", ""-0.52495140"", ""-1.98196868"", ""-0.31227891"", ""0.02571039"", ""-0.00254653"", ""0.00129538"", ""-0.20552510"", ""0.00991889"", ""-0.00505279"", ""0.27733645"", ""0.70000340"", ""-0.24375419"", ""-0.01052030""]",5,QM9_xyz_files/mol_23803.xyz,E_exc_SS/mol_23803.dat,E_exc_ST/mol_23803.dat,osc_stren/mol_23803.dat,trans_dip_mom/mol_23803.dat,4.153820602241462,"[4.153820602241462, 5.189171460851118, 5.424154080962358]",geometry_matched_to_qm9_mol_23803; qm9_source=qm9randdiv60_23294_C3HFN2O2; generated=2026-07-15
qm9randdiv60_755_CH3N5,candidate,CH3N5,755,769,def2-tzvp,0,0,Angstrom,"N -0.025018886800  1.345791971300  0.157644932800
C -0.014475261700 -0.022371911900  0.049847531400
N -1.106421859900 -0.783729295100  0.036335845000
N -0.547910783200 -1.997219562800 -0.015031725300
N  0.767454152900 -2.006670126000 -0.035693828200
N  1.136278242200 -0.749585578500  0.003662324200
H  0.819405142000  1.784056728500 -0.178424329800
H -0.869059495300  1.787599850600 -0.173707958300
H -1.093566260200 -2.844742746100 -0.036326201900",QM9 qsGW input / source EOM CSV retained separately,QM9 qsGW-BSE singlet-singlet,5.87482262,0.21589574918720555,"[5.87482262, 6.26110803, 6.50898049, 6.8245617, 7.02363759]","[0.21589574918720555, 0.23009147617105052, 0.2392006210620627, 0.25079801662093576, 0.258113920639951]","[3.94354711, 4.95621936, 5.25836413, 6.00254014, 6.00836202]","[0.0692694, 0.00874448, 0.01460326, 7.377e-05, 0.00063193]","[""1.64210467"", ""0.64111415"", ""0.04125519"", ""-0.06501284"", ""-0.02726345"", ""0.60276054"", ""0.00965996"", ""-0.27453031"", ""0.71844364"", ""-0.04117180"", ""-0.02112556"", ""0.02662972"", ""-0.04373350"", ""-0.01124030"", ""0.14726388""]",5,QM9_xyz_files/mol_769.xyz,E_exc_SS/mol_769.dat,E_exc_ST/mol_769.dat,osc_stren/mol_769.dat,trans_dip_mom/mol_769.dat,6.1048728157794585,"[6.1048728157794585, 6.315593511616854, 6.932905038949947]",geometry_matched_to_qm9_mol_769; qm9_source=qm9randdiv60_755_CH3N5; generated=2026-07-15
qm9randdiv60_126365_C4HN5,candidate,C4HN5,126365,128888,def2-tzvp,0,0,Angstrom,"N -0.027616807600 -1.148304490500 -0.003453420000
C -0.038701115300  0.007609489300  0.003230534400
C -0.014253045300  1.425988151400  0.010994742700
N -1.127349709900  2.167363578700  0.029023393900
N -0.660533489100  3.401385130600  0.030258843100
N  0.649272054400  3.559175915000  0.014914313600
C  1.102493575200  2.300855736900  0.002119491600
C  2.485338354500  1.984888099300 -0.016821981000
N  3.604997439900  1.697779522200 -0.032339102900
H -1.283356526800  4.196535437100  0.042514834700",QM9 qsGW input / source EOM CSV retained separately,QM9 qsGW-BSE singlet-singlet,6.05524236,0.22252605233931347,"[6.05524236, 6.21416619, 6.4690181, 6.94511501, 7.06837612]","[0.22252605233931347, 0.2283663953693725, 0.23773203031704354, 0.2552282690494673, 0.2597580312925862]","[4.02888478, 4.39602807, 5.06618063, 5.35699893, 6.19530842]","[0.08982435, 0.17244884, 0.00019253, 0.00219529, 0.29580481]","[""1.22005233"", ""-1.55648151"", ""-0.02398864"", ""-2.12926144"", ""-1.66847960"", ""0.01703388"", ""-0.07138441"", ""-0.04615972"", ""0.02493389"", ""-0.11234037"", ""-0.07980116"", ""0.25370094"", ""2.04818293"", ""-2.61511099"", ""-0.04075088""]",5,QM9_xyz_files/mol_128888.xyz,E_exc_SS/mol_128888.dat,E_exc_ST/mol_128888.dat,osc_stren/mol_128888.dat,trans_dip_mom/mol_128888.dat,6.359019323737281,"[6.359019323737281, 6.714706359133581, 6.781384270820912]",geometry_matched_to_qm9_mol_128888; qm9_source=qm9randdiv60_126365_C4HN5; generated=2026-07-15
qm9randdiv60_21324_C2N4O2,candidate,C2N4O2,21324,21764,def2-tzvp,0,0,Angstrom,"O -1.384058291500  1.522101131400  0.019064642700
N  2.941198520200  1.534979054700 -0.018379235100
N  2.312501166600  0.592618095400 -0.016030835600
C  1.407666251700 -0.339164822600 -0.008529207500
C -1.642815395600  0.388146553300  0.019605937100
O -1.923457661200 -0.740589177500  0.018108604200
N  1.930496772800 -2.703532131900 -0.032683810200
N  1.794895257000 -1.578873972800 -0.023250815500",QM9 qsGW input / source EOM CSV retained separately,QM9 qsGW-BSE singlet-singlet,3.07423431,0.11297602710164242,"[3.07423431, 3.73462369, 4.06212568, 4.21448612, 6.65188823]","[0.11297602710164242, 0.13724488918864347, 0.1492803653323216, 0.15487950822870616, 0.24445238364071742]","[2.01471736, 2.63423713, 3.43176081, 3.67024071, 3.78329183]","[4e-08, 0.01903016, 1.6e-07, 0.00464902, 1.08084576]","[""0.00049251"", ""0.00187726"", ""0.00009122"", ""-0.26914079"", ""-1.12749737"", ""-0.00378962"", ""0.00085077"", ""0.00314142"", ""0.00010823"", ""0.00941626"", ""-0.00406603"", ""0.53924192"", ""-1.51724693"", ""-6.36749713"", ""-0.02215393""]",5,QM9_xyz_files/mol_21764.xyz,E_exc_SS/mol_21764.dat,E_exc_ST/mol_21764.dat,osc_stren/mol_21764.dat,trans_dip_mom/mol_21764.dat,3.5559664379828115,"[3.5559664379828115, 4.08666445325242, 4.403270011012767]",geometry_matched_to_qm9_mol_21764; qm9_source=qm9randdiv60_21324_C2N4O2; generated=2026-07-15
qm9randdiv60_504_C4H3NO,candidate,C4H3NO,504,514,def2-tzvp,0,0,Angstrom,"O -0.018084300900  1.457020766000  0.010088450400
C  0.003158842600  0.041318674200  0.002295988200
C -1.364472696800 -0.461181695200  0.012641090300
C -2.486344932000 -0.905851862600  0.020933410700
C -3.756059136400 -1.408295475000  0.030332514500
N -4.834567657300 -1.839315313300  0.038299463800
H  0.895287567400  1.761691062800  0.003705324800
H  0.511125294000 -0.359313797500 -0.890244751500
H  0.528004249300 -0.368816299400  0.880636738800",QM9 qsGW input / source EOM CSV retained separately,QM9 qsGW-BSE singlet-singlet,5.46113804,0.20069312127768502,"[5.46113804, 5.84969235, 5.88534908, 7.36508433, 8.00079488]","[0.20069312127768502, 0.21497222879861436, 0.2162825894571147, 0.2706618568940381, 0.29402378870645096]","[4.12702215, 4.85979495, 4.88538183, 5.5213947, 6.4598933]","[6.72e-06, 0.00097363, 7.132e-05, 0.00357446, 0.00022503]","[""-0.00010078"", ""0.00013095"", ""-0.01801693"", ""-0.18442493"", ""0.09935442"", ""0.00251216"", ""-0.00072615"", ""0.00016361"", ""-0.05652355"", ""-0.00286940"", ""-0.00351892"", ""0.35771316"", ""0.01931266"", ""-0.00801820"", ""0.08354383""]",5,QM9_xyz_files/mol_514.xyz,E_exc_SS/mol_514.dat,E_exc_ST/mol_514.dat,osc_stren/mol_514.dat,trans_dip_mom/mol_514.dat,5.958498473296573,"[5.958498473296573, 6.353107368927821, 6.469599234892103]",geometry_matched_to_qm9_mol_514; qm9_source=qm9randdiv60_504_C4H3NO; generated=2026-07-15
qm9randdiv60_119_C3H6N2,candidate,C3H6N2,119,123,def2-tzvp,0,0,Angstrom,"C -0.035225871100  1.467084976700  0.014829944300
N  0.044947731300  0.011683016500 -0.017594460100
C  0.696935117600 -0.531594034100  1.166299529700
C  0.719681412600 -1.996790185700  1.134783112800
N  0.717567470100 -3.151631191900  1.123936826100
H  0.975148941100  1.888876418100 -0.031147030100
H -0.582457161800  1.815857805000 -0.864350938100
H -0.527939611800  1.873867847200  0.915702266700
H -0.883384213900 -0.387825496700 -0.103574532600
H  1.733475709300 -0.171281445200  1.193767238000
H  0.235270516700 -0.219635759900  2.122316313300",QM9 qsGW input / source EOM CSV retained separately,QM9 qsGW-BSE singlet-singlet,6.7056155,0.24642682439556585,"[6.7056155, 7.86162435, 7.98112185, 8.20734002, 8.32918804]","[0.24642682439556585, 0.28890936606212425, 0.2933008181888096, 0.3016141826001267, 0.30609201474357234]","[6.30109165, 6.34236155, 7.20353351, 7.23704734, 7.53832707]","[0.00053987, 0.0397207, 0.00282032, 0.00764406, 0.02160876]","[""-0.10226335"", ""-0.07953461"", ""-0.06668584"", ""-0.67564598"", ""0.18760814"", ""0.91686185"", ""0.22663445"", ""0.11916099"", ""0.16619777"", ""0.17540503"", ""-0.39944460"", ""-0.23511120"", ""0.37125453"", ""-0.05236695"", ""0.73725923""]",5,QM9_xyz_files/mol_123.xyz,E_exc_SS/mol_123.dat,E_exc_ST/mol_123.dat,osc_stren/mol_123.dat,trans_dip_mom/mol_123.dat,7.088015794567636,"[7.088015794567636, 8.443302081872783, 8.543581892818553]",geometry_matched_to_qm9_mol_123; qm9_source=qm9randdiv60_119_C3H6N2; generated=2026-07-15
qm9randdiv60_3917_C6H9NO,candidate,C6H9NO,3917,3989,def2-tzvp,0,0,Angstrom,"C -0.042171322000  1.539401455100  0.063523007600
C  0.056789817100  0.005166482200 -0.018932245300
C  0.724688025900 -0.460415407000 -1.227838587800
C  1.282938894900 -0.806467372800 -2.240903321000
C  1.929471221300 -1.300109395200 -3.408675821400
C  2.077373567000 -2.791260868700 -3.597532745200
N  2.358937052400 -0.425925876500 -4.252851429500
O  2.968696932000 -1.050096737100 -5.345111130500
H  0.952102258300  1.993497779500  0.052863481300
H -0.603722807900  1.938204870800 -0.785309304900
H -0.549539642900  1.837706617400  0.985616390700
H  0.591917410300 -0.377813701000  0.860060260500
H -0.948995382500 -0.432627071800  0.029858359900
H  1.590501582400 -3.102651514200 -4.527055670400
H  3.135364877300 -3.054984143500 -3.692961677300
H  1.641649849400 -3.334646380100 -2.759510434100
H  3.236648607000 -0.297746717000 -5.883414872600",QM9 qsGW input / source EOM CSV retained separately,QM9 qsGW-BSE singlet-singlet,5.69245318,0.2091937958816518,"[5.69245318, 5.80012896, 5.97587759, 6.67312319, 7.01769679]","[0.2091937958816518, 0.21315080781138673, 0.2196094508371867, 0.2452327540271446, 0.25789560026676983]","[3.25387282, 4.96896872, 5.34136108, 5.47533886, 6.19035322]","[2.39e-06, 0.35965699, 0.00256867, 0.00413499, 0.00853379]","[""-0.00319932"", ""0.00289668"", ""-0.00960618"", ""-1.91825788"", ""-0.16408390"", ""3.55596403"", ""-0.29324106"", ""-0.00970114"", ""-0.16511639"", ""-0.35202806"", ""-0.01005104"", ""-0.19843202"", ""0.49694207"", ""0.01878428"", ""0.27085583""]",5,QM9_xyz_files/mol_3989.xyz,E_exc_SS/mol_3989.dat,E_exc_ST/mol_3989.dat,osc_stren/mol_3989.dat,trans_dip_mom/mol_3989.dat,5.947765883419359,"[5.947765883419359, 6.421367147218479, 6.477320171507543]",geometry_matched_to_qm9_mol_3989; qm9_source=qm9randdiv60_3917_C6H9NO; generated=2026-07-15
qm9randdiv60_2968_C6H5N,candidate,C6H5N,2968,3025,def2-tzvp,0,0,Angstrom,"C  0.050876382800 -3.755103179000 -0.037856316400
C  0.034863853600 -2.547469095700 -0.015331784700
C  0.017416511100 -1.188575013000  0.008997292700
C  0.004904876000  0.023098358700  0.040074703000
C -0.008514670900  1.453461874500  0.045022904900
C  0.510242204000  2.196470434500  1.237270686200
N  1.268465942400  2.210838651100 -0.013839026000
H  0.063413245200 -4.816564592300 -0.056681945300
H -0.804099796900  1.912341295300 -0.536631131600
H  0.045693368700  3.141044844600  1.504791009000
H  0.875289258100  1.605439827900  2.071721340900
H  2.043802605900  1.554379713300  0.044457517400",QM9 qsGW input / source EOM CSV retained separately,QM9 qsGW-BSE singlet-singlet,4.89580379,0.17991747078750278,"[4.89580379, 5.25704547, 5.33345726, 6.79731928, 7.12150148]","[0.17991747078750278, 0.19319285766909763, 0.19600093915782613, 0.24979687615151122, 0.26171035226292383]","[3.7028503, 4.38087349, 4.42088949, 5.01169796, 5.97286937]","[0.00199049, 0.01020464, 0.00791703, 0.02925097, 0.68620189]","[""-0.13862166"", ""-0.29640986"", ""0.01170096"", ""-0.13467100"", ""-0.66705602"", ""-0.22084803"", ""0.19700503"", ""0.59238683"", ""0.04126488"", ""-0.36551567"", ""-0.94040790"", ""0.34176959"", ""0.63835498"", ""4.97337841"", ""0.51672801""]",5,QM9_xyz_files/mol_3025.xyz,E_exc_SS/mol_3025.dat,E_exc_ST/mol_3025.dat,osc_stren/mol_3025.dat,trans_dip_mom/mol_3025.dat,5.40437766204393,"[5.40437766204393, 5.752315186225207, 5.869032279562883]",geometry_matched_to_qm9_mol_3025; qm9_source=qm9randdiv60_2968_C6H5N; generated=2026-07-15
qm9randdiv60_308_C5H9N,candidate,C5H9N,308,318,def2-tzvp,0,0,Angstrom,"C -0.023345892600  1.515251498300  0.019036821500
C -0.006031861500  0.006833908300  0.014047373800
C  0.553297245100 -0.968135374500 -1.052090934700
N  0.016613209300 -1.945363722900  0.007223371200
C  0.651496712000 -0.974097354600  1.016824215400
C -1.189301730800 -0.992240673700  0.067430062400
H  0.993333376800  1.920561682400 -0.028068940700
H -0.580310418400  1.905177922200 -0.839940950700
H -0.496551463900  1.900374277100  0.928889035400
H  0.033056167100 -1.037198176100 -2.012307673500
H  1.638172809300 -1.021426894900 -1.184737434100
H  1.744087262700 -1.027897407000  1.045839844400
H  0.224360811500 -1.048946810100  2.021511720900
H -1.759518821000 -1.068504603800  0.998339567300
H -1.845023365500 -1.062881290800 -0.805790688500",QM9 qsGW input / source EOM CSV retained separately,QM9 qsGW-BSE singlet-singlet,7.00082137,0.25727544002034036,"[7.00082137, 7.19340597, 7.85252839, 7.85273085, 8.78372318]","[0.25727544002034036, 0.26435279353181, 0.2885750956975874, 0.2885825359653551, 0.3227958730435888]","[6.58654386, 6.9822417, 7.61101253, 7.611812, 8.53971883]","[0.0309551, 0.03198905, 0.00724457, 0.0072562, 0.03835291]","[""-0.01277910"", ""1.07971840"", ""0.00480528"", ""0.01175569"", ""-1.08282241"", ""-0.00473146"", ""0.28769715"", ""-0.00146789"", ""0.40063762"", ""-0.40107051"", ""-0.00521620"", ""0.28771809"", ""-0.00984002"", ""1.07297166"", ""0.00605688""]",5,QM9_xyz_files/mol_318.xyz,E_exc_SS/mol_318.dat,E_exc_ST/mol_318.dat,osc_stren/mol_318.dat,trans_dip_mom/mol_318.dat,7.753179177059982,"[7.753179177059982, 7.973034860703105, 8.945601315759793]",geometry_matched_to_qm9_mol_318; qm9_source=qm9randdiv60_308_C5H9N; generated=2026-07-15
qm9randdiv60_817_C3H5F3,candidate,C3H5F3,817,831,def2-tzvp,0,0,Angstrom,"C  0.026476819000  1.559658262000  0.010062999000
C  0.001814603900  0.030597230300  0.002215313600
C -1.405016353400 -0.527845669400  0.012676513300
F -2.108797552700 -0.126313175600 -1.059762968700
F -1.398172364700 -1.871095169800  0.005501474000
F -2.088185409500 -0.137757602600  1.102517897400
H  1.056956685600  1.922963485700  0.002193588900
H -0.484822148700  1.962508547200 -0.868153950300
H -0.467999075700  1.953146310400  0.902050643900
H  0.498906815600 -0.370031250900 -0.886473999000
H  0.515724220500 -0.379349417200  0.876980347700",QM9 qsGW input / source EOM CSV retained separately,QM9 qsGW-BSE singlet-singlet,10.68671244,0.3927294384561401,"[10.68671244, 10.73165452, 11.20488389, 11.65123222, 11.71886071]","[0.3927294384561401, 0.3943810294333041, 0.41177188801441633, 0.42817488659615194, 0.43066018776341497]","[10.14512231, 10.15060868, 10.67242918, 10.77130343, 10.84851088]","[0.00253716, 0.01578748, 0.00635732, 0.19208228, 0.17678104]","[""0.00129838"", ""-0.00267636"", ""0.25019271"", ""0.50484653"", ""0.36476847"", ""-0.00200150"", ""-0.02523959"", ""-0.38597517"", ""-0.00082309"", ""-0.02501878"", ""0.01354182"", ""-2.08483117"", ""-1.99429723"", ""0.01828409"", ""0.01942549""]",5,QM9_xyz_files/mol_831.xyz,E_exc_SS/mol_831.dat,E_exc_ST/mol_831.dat,osc_stren/mol_831.dat,trans_dip_mom/mol_831.dat,11.567580078606388,"[11.567580078606388, 11.633443007486113, 12.137982049687158]",geometry_matched_to_qm9_mol_831; qm9_source=qm9randdiv60_817_C3H5F3; generated=2026-07-15
qm9randdiv60_168_C2H2N2O,candidate,C2H2N2O,168,172,def2-tzvp,0,0,Angstrom,"O -0.022420118000  1.289270310800  0.009242646000
C  1.261157846100  1.648570489300 -0.001176223100
N  2.095326992800  0.656919770700 -0.014435471200
C  1.232677779100 -0.415206193800 -0.011874525500
N -0.035628218600 -0.111030029500  0.001753622800
H  1.476729655000  2.706792057900  0.002431541900
H  1.561351523600 -1.443963405400 -0.020558661000",QM9 qsGW input / source EOM CSV retained separately,QM9 qsGW-BSE singlet-singlet,6.31691589,0.2321423771981244,"[6.31691589, 7.08488419, 7.52968935, 7.60617162, 8.30950386]","[0.2321423771981244, 0.26036469167551446, 0.2767109798057482, 0.27952165138670365, 0.3053686344709887]","[4.34682686, 5.69501486, 5.73076111, 6.45606955, 6.8157278]","[0.00595067, 0.1086667, 0.00086827, 0.02222595, 0.00373794]","[""0.00476596"", ""-0.00284251"", ""0.49837580"", ""-1.16666187"", ""-1.63812414"", ""0.00248049"", ""0.00324673"", ""-0.00052706"", ""0.17434758"", ""0.82599014"", ""-0.29698172"", ""-0.00964985"", ""0.00289322"", ""-0.00179951"", ""0.34439819""]",5,QM9_xyz_files/mol_172.xyz,E_exc_SS/mol_172.dat,E_exc_ST/mol_172.dat,osc_stren/mol_172.dat,trans_dip_mom/mol_172.dat,6.483322671997669,"[6.483322671997669, 7.5620628761793744, 7.575630998393325]",geometry_matched_to_qm9_mol_172; qm9_source=qm9randdiv60_168_C2H2N2O; generated=2026-07-15
qm9randdiv60_6826_C7H6O,candidate,C7H6O,6826,7038,def2-tzvp,0,0,Angstrom,"C  0.040873066600  1.445735663900 -0.118979858300
C  0.031986012400 -0.002123425900 -0.010259019200
C  0.016257663700 -1.205532679600  0.081043785200
C -0.023075915700 -2.646289709000  0.192745637000
O -1.059121528300 -3.263982305500  0.359681008500
C  1.264216650300 -3.296109558200  0.090680186800
C  2.331300294200 -3.853957051700  0.007510473600
C  3.610391434200 -4.533905678300 -0.091435536200
H  1.055281743300  1.831907005900 -0.262200738200
H -0.571236497700  1.774201726000 -0.966041879700
H -0.373715485100  1.904609236600  0.785243485400
H  3.613862248300 -5.231157932200 -0.936371229300
H  4.432735452100 -3.824920986500 -0.232007865400
H  3.812030441500 -5.113875035500  0.815777319900",QM9 qsGW input / source EOM CSV retained separately,QM9 qsGW-BSE singlet-singlet,4.0840461,0.15008592590912728,"[4.0840461, 4.80443063, 5.35084153, 5.62917252, 5.9445502]","[0.15008592590912728, 0.17655956909245507, 0.1966397992968447, 0.2068682745198237, 0.21845819048915432]","[3.48666281, 3.74975487, 4.20169105, 4.45525449, 4.98132106]","[0.0, 2e-08, 0.00041189, 0.25580568, 0.12464764]","[""-0.00001833"", ""0.00049168"", ""-0.00004644"", ""0.00001289"", ""0.00094980"", ""-0.00007849"", ""-0.01521801"", ""-0.00969372"", ""-0.14132606"", ""1.77480365"", ""-2.97205434"", ""0.01286051"", ""1.99990204"", ""1.19347246"", ""-0.32456437""]",5,QM9_xyz_files/mol_7038.xyz,E_exc_SS/mol_7038.dat,E_exc_ST/mol_7038.dat,osc_stren/mol_7038.dat,trans_dip_mom/mol_7038.dat,3.9493688040367183,"[3.9493688040367183, 5.55310719094121, 6.276202940847424]",geometry_matched_to_qm9_mol_7038; qm9_source=qm9randdiv60_6826_C7H6O; generated=2026-07-15
qm9randdiv60_2758_C4H3N3,candidate,C4H3N3,2758,2815,def2-tzvp,0,0,Angstrom,"N -0.176927226200 -1.159929398200 -0.008242833500
C -0.076385872800 -0.009575084500  0.018103915600
C  0.015790292900  1.430699310600  0.009160122500
N  0.531386015400  2.075087670000  1.220818480900
C  1.340483851700  2.147327977000  0.000436301300
C  2.596513148400  1.436437448900  0.000556095900
N  3.613946321600  0.890717923100 -0.033192130200
H -0.781464960400  1.918041730100 -0.546421154800
H  0.054934680500  2.957869255000  1.386906714600
H  1.363133518800  3.078189078000 -0.560608582400",QM9 qsGW input / source EOM CSV retained separately,QM9 qsGW-BSE singlet-singlet,7.34100605,0.26977699642488245,"[7.34100605, 7.74633536, 7.79124751, 7.84300413, 8.1338091]","[0.26977699642488245, 0.28467257382530836, 0.2863230648952597, 0.2882250855983627, 0.2989119711311744]","[5.88093375, 6.05027574, 6.70275912, 6.75887066, 6.96747081]","[0.00395375, 0.05109519, 0.00117854, 0.04237279, 0.00495477]","[""-0.10603774"", ""0.19219968"", ""-0.30633157"", ""1.16059919"", ""0.62631101"", ""-0.01047259"", ""-0.06911433"", ""0.11262926"", ""-0.14975353"", ""1.04992733"", ""0.56770444"", ""-0.00512744"", ""-0.11167166"", ""0.29353900"", ""0.24899405""]",5,QM9_xyz_files/mol_2815.xyz,E_exc_SS/mol_2815.dat,E_exc_ST/mol_2815.dat,osc_stren/mol_2815.dat,trans_dip_mom/mol_2815.dat,7.653343230110413,"[7.653343230110413, 7.984264484740328, 8.289865753975874]",geometry_matched_to_qm9_mol_2815; qm9_source=qm9randdiv60_2758_C4H3N3; generated=2026-07-15
qm9randdiv60_8_C3H4,candidate,C3H4,8,9,def2-tzvp,0,0,Angstrom,"C -0.017821024100  1.464357882700  0.010093968900
C  0.002088158700  0.009507774300  0.002011997900
C  0.018340851000 -1.191805178700 -0.004505084200
H  0.997822100000  1.874253489100  0.002606062900
H -0.542204342300  1.858011781300 -0.867211921000
H -0.525333061400  1.848343561600  0.901481382500
H  0.032316578100 -2.253148230300 -0.010259987100",QM9 qsGW input / source EOM CSV retained separately,QM9 qsGW-BSE singlet-singlet,7.06816931,0.259750431165267,"[7.06816931, 7.47576779, 7.47578711, 7.87011431, 7.87012383]","[0.259750431165267, 0.2747293990250943, 0.27473010902199874, 0.2892213663374227, 0.2892217161909698]","[5.44126937, 6.31496892, 6.31498361, 7.06681337, 7.60356857]","[1.4e-07, 0.00081647, 0.0008217, 0.02612769, 0.0261041]","[""-0.00223397"", ""-0.00003802"", ""-0.00064144"", ""-0.08266124"", ""-0.00120034"", ""0.14820758"", ""0.14870198"", ""0.00205389"", ""0.08287261"", ""-0.01298749"", ""-0.00581677"", ""0.93554205"", ""-0.93505904"", ""-0.01252548"", ""-0.01256302""]",5,QM9_xyz_files/mol_9.xyz,E_exc_SS/mol_9.dat,E_exc_ST/mol_9.dat,osc_stren/mol_9.dat,trans_dip_mom/mol_9.dat,7.671344135048134,"[7.671344135048134, 8.026796157722641, 8.026799290944048]",geometry_matched_to_qm9_mol_9; qm9_source=qm9randdiv60_8_C3H4; generated=2026-07-15
qm9randdiv60_42_C4H8,candidate,C4H8,42,43,def2-tzvp,0,0,Angstrom,"C -0.036022446300  1.520929487100  0.015691607500
C  0.019384867500  0.010044030200  0.048149528700
C  1.308916714300 -0.712519948900 -0.249204163500
C  0.753474227200 -0.702677139100  1.155646764100
H  0.901056913500  1.953892908600  0.382833378500
H -0.196403645700  1.894373688400 -1.002085690400
H -0.846852727100  1.905889300000  0.644513218700
H -0.884168090600 -0.480018893300 -0.305663347200
H  1.269009009200 -1.639030678200 -0.811503708200
H  2.190107381800 -0.111312094900 -0.449275133400
H  1.262488622500 -0.094874552600  1.896900276200
H  0.335408363600 -1.622489177300  1.549806949000",QM9 qsGW input / source EOM CSV retained separately,QM9 qsGW-BSE singlet-singlet,8.09780025,0.29758867030134956,"[8.09780025, 8.32487013, 8.4876022, 8.6440555, 8.90984448]","[0.29758867030134956, 0.30593333447785687, 0.3119136277465981, 0.31766318047374253, 0.3274307453305012]","[7.89033755, 8.10486597, 8.33006533, 8.42927538, 8.66103324]","[0.00397414, 0.00613916, 0.01375239, 0.01405332, 0.00669776]","[""0.13214536"", ""-0.00211804"", ""-0.33458590"", ""0.24796253"", ""-0.35051727"", ""0.10057863"", ""-0.23933188"", ""0.00299619"", ""0.60825923"", ""0.57474748"", ""-0.21458803"", ""0.22876230"", ""-0.40420298"", ""0.09630628"", ""-0.15991816""]",5,QM9_xyz_files/mol_43.xyz,E_exc_SS/mol_43.dat,E_exc_ST/mol_43.dat,osc_stren/mol_43.dat,trans_dip_mom/mol_43.dat,9.166828030824657,"[9.166828030824657, 9.396527348332057, 9.552070618263793]",geometry_matched_to_qm9_mol_43; qm9_source=qm9randdiv60_42_C4H8; generated=2026-07-15
qm9randdiv60_23377_C5HF3,candidate,C5HF3,23377,23894,def2-tzvp,0,0,Angstrom,"F  0.018704472400  0.057891597100 -0.028353418500
C -0.017553372600  1.395448441900  0.011086830900
F  1.244624338400  1.839187895400 -0.033220519500
F -0.638251377900  1.819629547800 -1.096532298000
C -0.701245205000  1.868726582900  1.212964650400
C -1.266254924600  2.257245244400  2.205709980900
C -1.903032856300  2.694723273700  3.324485318200
C -2.468047593200  3.082690866000  4.317324014200
H -2.965760771200  3.424345680700  5.191763261400",QM9 qsGW input / source EOM CSV retained separately,QM9 qsGW-BSE singlet-singlet,4.97188197,0.18271329233486022,"[4.97188197, 5.28737992, 5.28741829, 8.08885478, 8.34072023]","[0.18271329233486022, 0.19430762814516891, 0.1943090382166608, 0.29725993034230686, 0.3065158149092732]","[3.62705839, 4.37661845, 4.37666906, 4.97180796, 8.13529076]","[0.0, 2.61e-05, 2.316e-05, 2.13460587, 0.003216]","[""-0.00027812"", ""0.00000458"", ""-0.00016028"", ""-0.03153300"", ""-0.00133976"", ""-0.01748125"", ""-0.00442394"", ""-0.03207750"", ""0.01032369"", ""3.90658340"", ""-2.68527245"", ""-6.86414454"", ""-0.05793885"", ""0.26649884"", ""-0.16522078""]",5,QM9_xyz_files/mol_23894.xyz,E_exc_SS/mol_23894.dat,E_exc_ST/mol_23894.dat,osc_stren/mol_23894.dat,trans_dip_mom/mol_23894.dat,5.637159392380163,"[5.637159392380163, 5.901155161994202, 5.901185300029836]",geometry_matched_to_qm9_mol_23894; qm9_source=qm9randdiv60_23377_C5HF3; generated=2026-07-15
qm9randdiv60_15003_C7H7N,candidate,C7H7N,15003,15325,def2-tzvp,0,0,Angstrom,"C  0.150317549300  1.520806753700  0.015923979900
C  0.086755254100  0.067547192500  0.014475386700
C  0.024222017500 -1.134708137200  0.026872057400
C -0.029703440500 -2.567686818300  0.001389037700
N -0.492465988800 -3.270842048700  1.214519989500
C -1.331931962200 -3.334872236400  0.002236144900
C -2.609976805600 -2.683468281200  0.033297095300
C -3.691150392700 -2.159081734600  0.020825617200
H  1.185887384900  1.874694695100 -0.036061732300
H -0.389631384100  1.943860108100 -0.838396857300
H -0.296160824800  1.932035803400  0.927840118300
H  0.766429331500 -3.043779444000 -0.569052635300
H  0.018309528000 -4.144742622700  1.317434971600
H -1.313784561000 -4.262036782900 -0.567917758400
H -4.642157055600 -1.687009846700  0.022909274700",QM9 qsGW input / source EOM CSV retained separately,QM9 qsGW-BSE singlet-singlet,6.49728938,0.23877098069408167,"[6.49728938, 6.822009, 6.95829159, 6.99340354, 7.20632703]","[0.23877098069408167, 0.25070420662621795, 0.2557124994330606, 0.2570028397958261, 0.26482763372860096]","[5.18733612, 5.36446084, 5.96857977, 5.9908259, 6.1827675]","[0.00289752, 0.00856196, 0.01567795, 0.01517824, 0.00236395]","[""-0.00569819"", ""0.03638220"", ""0.34094301"", ""0.45134334"", ""0.34271314"", ""-0.09894998"", ""-0.67892898"", ""-0.30987550"", ""-0.19281982"", ""0.57778504"", ""0.41828874"", ""-0.25203294"", ""-0.26640406"", ""0.09317335"", ""-0.08276918""]",5,QM9_xyz_files/mol_15325.xyz,E_exc_SS/mol_15325.dat,E_exc_ST/mol_15325.dat,osc_stren/mol_15325.dat,trans_dip_mom/mol_15325.dat,6.922341348193876,"[6.922341348193876, 7.282892557124794, 7.363338676046327]",geometry_matched_to_qm9_mol_15325; qm9_source=qm9randdiv60_15003_C7H7N; generated=2026-07-15
qm9randdiv60_662_C5H6O,candidate,C5H6O,662,672,def2-tzvp,0,0,Angstrom,"C -0.045324998900  1.531607897600  0.012276196700
C  1.407698717800  1.966334368000  0.039890041100
C  2.247954395700  0.931499668500 -0.046081412600
C  1.482098531300 -0.351009925900 -0.084094239200
O  0.687333651400 -0.573340817300  1.105269471100
C  0.053794952900  0.010161571700 -0.033810561500
H -0.598050742500  1.875083021500  0.895073301600
H -0.572499892900  1.923524219300 -0.867140843600
H  1.699107432000  3.004676276500  0.151879796700
H  3.329269649000  0.984300674100 -0.050226204300
H  1.867661947900 -1.250888250100 -0.553511320900
H -0.731864593800 -0.586980993900 -0.488934045200",QM9 qsGW input / source EOM CSV retained separately,QM9 qsGW-BSE singlet-singlet,6.73154361,0.24737966486336166,"[6.73154361, 6.86494533, 7.33891295, 8.19769276, 8.29828351]","[0.24737966486336166, 0.2522820876504282, 0.2697000764186366, 0.3012596523342744, 0.3049562942139151]","[3.91965414, 6.47461222, 7.15167076, 7.39600791, 7.99723018]","[0.14450253, 0.00629575, 0.02506736, 0.01340039, 0.00843331]","[""-0.90541728"", ""2.19880512"", ""-0.07840770"", ""0.04230326"", ""-0.30874982"", ""0.38041809"", ""0.00967046"", ""-0.03125768"", ""0.94849231"", ""0.36287609"", ""-0.05879501"", ""0.54398482"", ""-0.18767415"", ""0.02508922"", ""-0.48180695""]",5,QM9_xyz_files/mol_672.xyz,E_exc_SS/mol_672.dat,E_exc_ST/mol_672.dat,osc_stren/mol_672.dat,trans_dip_mom/mol_672.dat,6.784181197227998,"[6.784181197227998, 7.414322950567437, 8.521661052917802]",geometry_matched_to_qm9_mol_672; qm9_source=qm9randdiv60_662_C5H6O; generated=2026-07-15
qm9randdiv60_23358_C4HF3O,candidate,C4HF3O,23358,23875,def2-tzvp,0,0,Angstrom,"F  0.043317296600  0.074550572200 -0.065574871200
C -0.021096638000  1.392770477400  0.017269531300
F  1.220157525200  1.892586393700  0.010329401100
F -0.666759262500  1.867310987500 -1.054365217100
C -0.757718002900  1.832356344400  1.312519253500
O -1.184444127200  1.017831051000  2.089002156200
C -0.867897997000  3.260166132100  1.473034078800
C -0.960906708100  4.451849938000  1.608832172900
H -1.044150106100  5.505334723800  1.730749504600",QM9 qsGW input / source EOM CSV retained separately,QM9 qsGW-BSE singlet-singlet,4.25580527,0.15639795898408038,"[4.25580527, 5.15556273, 6.01056778, 7.41384688, 8.81628679]","[0.15639795898408038, 0.18946343576156938, 0.22088429180583138, 0.2724538475540946, 0.3239925636386811]","[3.56582839, 3.89914708, 4.73109074, 5.71774155, 6.10291891]","[0.00013093, 1.166e-05, 0.12603838, 1.129e-05, 0.30920372]","[""0.07846562"", ""0.00104153"", ""0.04421145"", ""-0.02125758"", ""-0.00030206"", ""-0.01202364"", ""-0.00282932"", ""-2.35068230"", ""0.06241052"", ""-0.01752332"", ""0.00012544"", ""-0.00972834"", ""0.03604207"", ""-3.04089614"", ""0.00656772""]",5,QM9_xyz_files/mol_23875.xyz,E_exc_SS/mol_23875.dat,E_exc_ST/mol_23875.dat,osc_stren/mol_23875.dat,trans_dip_mom/mol_23875.dat,4.139435174052928,"[4.139435174052928, 5.989855707893839, 6.721001738278318]",geometry_matched_to_qm9_mol_23875; qm9_source=qm9randdiv60_23358_C4HF3O; generated=2026-07-15
qm9randdiv60_8973_C5H5NO2,candidate,C5H5NO2,8973,9246,def2-tzvp,0,0,Angstrom,"O  0.109003282700  1.417650418800 -0.054189565300
C  0.111158326500  0.017483859400  0.041381911900
C -1.340497264300 -0.508093109400  0.053950992300
O -2.040052331100 -0.014087684100 -1.088464953700
C -1.392250944600 -1.963177227200  0.149295510800
C -1.393141527500 -3.170924940700  0.193475232900
C -1.404640008600 -4.535298636900  0.248564761900
N -1.412181460400 -5.695906571200  0.292988094700
H -0.506195241200  1.638834246200 -0.765422681600
H  0.651221244300 -0.460877656900 -0.793337783800
H  0.618727724900 -0.256337960300  0.971044477100
H -1.854200937100 -0.064682214100  0.914812991500
H -1.761770573500 -0.528036863700 -1.856450558600",QM9 qsGW input / source EOM CSV retained separately,QM9 qsGW-BSE singlet-singlet,5.39831917,0.19838457038534443,"[5.39831917, 5.78242141, 5.82446466, 7.40383418, 7.90156824]","[0.19838457038534443, 0.2125000673514952, 0.21404512829105682, 0.2720858876159464, 0.2903772769446832]","[4.08054045, 4.80627012, 4.82690126, 5.46825083, 6.39338755]","[7.275e-05, 0.00074075, 0.0004618, 0.00683632, 0.15857155]","[""-0.03506980"", ""-0.04546417"", ""0.01603243"", ""-0.10913298"", ""-0.02252195"", ""-0.14616287"", ""0.10610065"", ""0.09559373"", ""-0.02263312"", ""0.14527141"", ""0.43295725"", ""-0.18689421"", ""0.58006624"", ""2.18850225"", ""-0.40739819""]",5,QM9_xyz_files/mol_9246.xyz,E_exc_SS/mol_9246.dat,E_exc_ST/mol_9246.dat,osc_stren/mol_9246.dat,trans_dip_mom/mol_9246.dat,5.956219810879258,"[5.956219810879258, 6.307304511984082, 6.393402495625928]",geometry_matched_to_qm9_mol_9246; qm9_source=qm9randdiv60_8973_C5H5NO2; generated=2026-07-15
qm9randdiv60_343_C4H6O2,candidate,C4H6O2,343,353,def2-tzvp,0,0,Angstrom,"C  0.098752145500  1.449929492500 -0.162558612700
C  0.363841762400 -0.036104694600  0.060031346000
C  0.522428915600 -0.406676342300  1.514263362100
O  0.453727820300  0.366960407500  2.441597156500
C  0.792262047000 -1.884973573400  1.834868177100
O  0.881294638500 -2.744024471400  0.997969889100
H  0.917696108100  2.057412203400  0.231587585100
H -0.009029438200  1.665418349100 -1.228646509900
H -0.814949924400  1.765684458100  0.347835998500
H -0.437310186100 -0.664074152300 -0.352733348400
H  1.266323664700 -0.376979824400 -0.465254014500
H  0.896291206500 -2.074358002300  2.924535281100",QM9 qsGW input / source EOM CSV retained separately,QM9 qsGW-BSE singlet-singlet,3.09885627,0.11388086744227852,"[3.09885627, 4.7792639, 7.55222747, 7.91436576, 8.12789144]","[0.11388086744227852, 0.17563470882357737, 0.2775392404388618, 0.2908475771302126, 0.2986945011373084]","[2.42507126, 4.07120994, 4.99308673, 5.84372217, 7.29054305]","[0.00020055, 6.708e-05, 0.00019622, 0.02179418, 0.14444175]","[""-0.12857751"", ""-0.02146603"", ""0.00855845"", ""-0.05983779"", ""-0.01033503"", ""0.00371459"", ""0.08144082"", ""0.01130308"", ""-0.00954475"", ""-0.15091790"", ""0.74870653"", ""-0.37791691"", ""0.02505561"", ""-0.91936565"", ""-1.95968169""]",5,QM9_xyz_files/mol_353.xyz,E_exc_SS/mol_353.dat,E_exc_ST/mol_353.dat,osc_stren/mol_353.dat,trans_dip_mom/mol_353.dat,3.152406900962857,"[3.152406900962857, 4.709873499753797, 7.614311254735881]",geometry_matched_to_qm9_mol_353; qm9_source=qm9randdiv60_343_C4H6O2; generated=2026-07-15
qm9randdiv60_7161_C5H6O3,candidate,C5H6O3,7161,7400,def2-tzvp,0,0,Angstrom,"C  0.369990493500  1.271771428800  0.334065050000
C -0.212278684200 -0.105745504700  0.171312517300
O -0.898562180900 -0.678568428000  0.982786714100
C -0.002591826400 -0.795456361400 -1.192147019100
O -0.035991147700 -0.177632295000 -2.229398238000
C  0.252054742200 -2.316257004700 -1.160277863000
C -0.360232719200 -3.132298361300 -2.265835197500
O  0.991865937200 -2.736802285300 -0.303877839000
H  0.126906075300  1.883240178900 -0.539662452600
H -0.001833886500  1.731197867200  1.250289046200
H  1.463624871100  1.198232267500  0.376295435200
H -0.176102364800 -2.649133056500 -3.229697583300
H  0.041596122500 -4.145772073800 -2.251790142300
H -1.448142182100 -3.165355401600 -2.129497788000",QM9 qsGW input / source EOM CSV retained separately,QM9 qsGW-BSE singlet-singlet,2.93533862,0.10787170464102253,"[2.93533862, 4.10046301, 5.10622084, 5.84357196, 6.78233696]","[0.10787170464102253, 0.15068923622384603, 0.18765015474920366, 0.2147473086146637, 0.24924628604689247]","[2.30753107, 3.39998606, 4.40173021, 5.07164958, 5.43627009]","[9.961e-05, 0.00040106, 0.00042418, 0.00244309, 9.389e-05]","[""-0.00258066"", ""0.04830656"", ""-0.08129403"", ""-0.02614231"", ""-0.13654843"", ""-0.08039400"", ""0.00401390"", ""-0.07661950"", ""0.12656750"", ""0.09594235"", ""-0.27165170"", ""-0.16506931"", ""0.00160102"", ""-0.02963694"", ""0.05262550""]",5,QM9_xyz_files/mol_7400.xyz,E_exc_SS/mol_7400.dat,E_exc_ST/mol_7400.dat,osc_stren/mol_7400.dat,trans_dip_mom/mol_7400.dat,3.0067494890290654,"[3.0067494890290654, 4.077447511736484, 4.97180293627321]",geometry_matched_to_qm9_mol_7400; qm9_source=qm9randdiv60_7161_C5H6O3; generated=2026-07-15
qm9randdiv60_21452_C4H2N2O2,candidate,C4H2N2O2,21452,21903,def2-tzvp,0,0,Angstrom,"O  0.072673214400  1.353056392200  0.085417096600
C  0.067312154100  0.017556835200  0.062644559100
N  0.097019011600 -0.668261024900 -1.057989383400
O  0.079657031000 -2.003572158700 -0.680507382200
C  0.040477929500 -2.066719591400  0.667512560000
C  0.029763845500 -0.818920789900  1.210909316600
C  0.017377370000 -3.351525108500  1.264110375600
N -0.001999825700 -4.392561010700  1.768499195800
H  0.100924291700  1.671573730800 -0.827443102400
H  0.000544967900 -0.536454644100  2.248672064200",QM9 qsGW input / source EOM CSV retained separately,QM9 qsGW-BSE singlet-singlet,5.76912429,0.21201140720460684,"[5.76912429, 6.03867416, 6.46332248, 6.85603441, 7.27314408]","[0.21201140720460684, 0.2219171822196428, 0.23752272014267342, 0.2519546173804667, 0.2672831150258778]","[3.42559335, 4.2517154, 5.8065601, 5.81155502, 6.31016094]","[0.1951462, 0.15753865, 0.00321223, 0.00022062, 0.00278477]","[""-0.06416791"", ""-2.33190903"", ""1.86492075"", ""-0.00320075"", ""2.57942187"", ""0.47540154"", ""0.36185881"", ""0.00147188"", ""0.01060377"", ""-0.09209112"", ""-0.00040706"", ""-0.00216783"", ""0.31763866"", ""0.00041860"", ""0.00843878""]",5,QM9_xyz_files/mol_21903.xyz,E_exc_SS/mol_21903.dat,E_exc_ST/mol_21903.dat,osc_stren/mol_21903.dat,trans_dip_mom/mol_21903.dat,6.17324861176227,"[6.17324861176227, 6.662534713485041, 6.7518731569044235]",geometry_matched_to_qm9_mol_21903; qm9_source=qm9randdiv60_21452_C4H2N2O2; generated=2026-07-15
qm9randdiv60_495_C6H6,candidate,C6H6,495,505,def2-tzvp,0,0,Angstrom,"C -0.018047613600  1.475831282400  0.010252304800
C  0.002015515700  0.023980686400  0.001812620300
C  0.018486763700 -1.186245643800 -0.005004838300
C  0.036761842700 -2.546468276500 -0.012249089000
C  0.053017606900 -3.756699852000 -0.018659492100
C  0.072587452200 -5.208560836600 -0.026499983400
H  0.997801966400  1.887249611000  0.002814315100
H -0.542716791000  1.871032122300 -0.867136394200
H -0.525699765300  1.860901553700  0.902030716600
H -0.943397836200 -5.619645133200 -0.019030546300
H  0.580225218800 -5.594146186600 -0.918062990400
H  0.597021899700 -5.603589367100  0.851106827000",QM9 qsGW input / source EOM CSV retained separately,QM9 qsGW-BSE singlet-singlet,5.1406702,0.18891614537858878,"[5.1406702, 5.43389317, 5.43393535, 6.88038453, 6.88067651]","[0.18891614537858878, 0.1996918907724212, 0.19969344085883056, 0.25284946778536255, 0.2528601978524514]","[3.86608959, 4.57565514, 4.5758263, 5.14021033, 6.71376042]","[3.1e-07, 0.00081986, 0.0007642, 0.0, 0.0]","[""-0.00375299"", ""-0.00095445"", ""-0.00105930"", ""-0.07171921"", ""-0.01735290"", ""0.18531563"", ""-0.17935935"", ""0.00390095"", ""-0.06999985"", ""-0.00010136"", ""-0.00022395"", ""0.00007648"", ""0.00013985"", ""-0.00018916"", ""-0.00006316""]",5,QM9_xyz_files/mol_505.xyz,E_exc_SS/mol_505.dat,E_exc_ST/mol_505.dat,osc_stren/mol_505.dat,trans_dip_mom/mol_505.dat,5.651830103055861,"[5.651830103055861, 5.906437815833176, 5.906442212297024]",geometry_matched_to_qm9_mol_505; qm9_source=qm9randdiv60_495_C6H6; generated=2026-07-15
qm9randdiv60_476_C4N2,candidate,C4N2,476,486,def2-tzvp,0,0,Angstrom,"C  0.605438995000  0.000000000000  0.000000000000
C -0.605438995000  0.000000000000  0.000000000000
C -1.967598226500  0.000000000000  0.000000000000
C  1.967598226500  0.000000000000  0.000000000000
N -3.129492138400  0.000000000000  0.000000000000
N  3.129492138400  0.000000000000  0.000000000000",QM9 qsGW input / source EOM CSV retained separately,QM9 qsGW-BSE singlet-singlet,4.57442818,0.1681071349562151,"[4.57442818, 4.87902361, 4.87905382, 6.78176062, 7.19849287]","[0.1681071349562151, 0.17930081054651728, 0.1793019207435402, 0.24922510594254974, 0.26453973365878536]","[3.2582631, 3.99426916, 3.99426998, 4.57442845, 5.61109844]","[0.0, 0.0, 0.0, 0.0, 0.0]","[""0.00001327"", ""0.00000074"", ""0.00000488"", ""0.00000381"", ""0.00000198"", ""-0.00000719"", ""-0.00002753"", ""-0.00000648"", ""-0.00000142"", ""-0.00002369"", ""-0.00000155"", ""-0.00000249"", ""-0.00001960"", ""-0.00000056"", ""-0.00003210""]",5,QM9_xyz_files/mol_486.xyz,E_exc_SS/mol_486.dat,E_exc_ST/mol_486.dat,osc_stren/mol_486.dat,trans_dip_mom/mol_486.dat,5.306793080727758,"[5.306793080727758, 5.542837835932396, 5.542837952252051]",geometry_matched_to_qm9_mol_486; qm9_source=qm9randdiv60_476_C4N2; generated=2026-07-15
qm9randdiv60_109_C2H3NO2,candidate,C2H3NO2,109,113,def2-tzvp,0,0,Angstrom,"N -0.094564162300  1.293148977300  0.010182384400
C -0.018705730100  0.040532275700  0.002357153200
O -1.175960818500 -0.691438949200  0.009416463500
C -1.077367857400 -2.051895559000  0.001395085000
O -2.036384745200 -2.753847372400  0.006852441200
H  0.837442950400  1.704232330900  0.003543708500
H  0.887561151600 -0.575897724400 -0.009807653600
H -0.031121118600 -2.408011148900 -0.010419922200",QM9 qsGW input / source EOM CSV retained separately,QM9 qsGW-BSE singlet-singlet,5.82696266,0.21413692809785162,"[5.82696266, 6.34751702, 7.87345505, 8.23506979, 8.42642634]","[0.21413692809785162, 0.23326694798343348, 0.2893441362679878, 0.3026332328517135, 0.30966545635808534]","[4.88110801, 5.13230515, 5.39224123, 5.83810029, 7.78145439]","[0.00100557, 0.00233943, 0.38801683, 0.07542145, 0.03135203]","[""-0.00401406"", ""0.00024835"", ""-0.21328595"", ""0.00230636"", ""-0.00261846"", ""0.31173050"", ""-1.28410423"", ""-3.36842190"", ""-0.01711519"", ""-0.93345678"", ""-1.24247406"", ""-0.00387548"", ""-0.00886437"", ""-0.10508418"", ""0.98489358""]",5,QM9_xyz_files/mol_113.xyz,E_exc_SS/mol_113.dat,E_exc_ST/mol_113.dat,osc_stren/mol_113.dat,trans_dip_mom/mol_113.dat,5.787682526076853,"[5.787682526076853, 6.35287096847823, 8.152503757378605]",geometry_matched_to_qm9_mol_113; qm9_source=qm9randdiv60_109_C2H3NO2; generated=2026-07-15
qm9randdiv60_21426_C2HN3O3,candidate,C2HN3O3,21426,21875,def2-tzvp,0,0,Angstrom,"O -0.125299040300  1.527399045300 -0.403243487700
C -0.113767927800  0.281976602400  0.093497597800
N -1.318374258700 -0.340093438300 -0.235248949300
C -1.725614704400 -1.461408718300  0.007504623700
O -2.233359391200 -2.491495147900  0.172524065600
N  1.151582697500 -3.156688183400 -0.304580787400
N  2.080119549700 -3.601535115900  0.078456222600
O  0.791395461300 -0.203239279200  0.718172554000
H  0.722047874000  1.923336915300 -0.154788299300",QM9 qsGW input / source EOM CSV retained separately,QM9 qsGW-BSE singlet-singlet,6.14798535,0.22593429435835702,"[6.14798535, 6.86816716, 7.10874124, 7.85640765, 8.55209621]","[0.22593429435835702, 0.25240048771909335, 0.26124142209212514, 0.28871765587313053, 0.31428373889848804]","[5.70374128, 5.72464453, 6.10989428, 6.39519819, 6.80038601]","[5.097e-05, 0.00247535, 0.03440768, 0.0016188, 0.17265768]","[""0.01383796"", ""-0.00120227"", ""-0.04464665"", ""-0.16266190"", ""0.09721066"", ""0.24316720"", ""1.01447487"", ""0.35060766"", ""0.35251280"", ""0.12933315"", ""-0.08927547"", ""-0.17215520"", ""-2.01211880"", ""-0.98192171"", ""-0.55766718""]",5,QM9_xyz_files/mol_21875.xyz,E_exc_SS/mol_21875.dat,E_exc_ST/mol_21875.dat,osc_stren/mol_21875.dat,trans_dip_mom/mol_21875.dat,6.215940683404235,"[6.215940683404235, 7.017513367925974, 7.206998381106325]",geometry_matched_to_qm9_mol_21875; qm9_source=qm9randdiv60_21426_C2HN3O3; generated=2026-07-15
qm9randdiv60_1171_C5H4O2,candidate,C5H4O2,1171,1203,def2-tzvp,0,0,Angstrom,"C  0.166089769100  1.488213568500 -0.009594634000
C -0.240173339800  0.033651291400  0.039058143600
O -0.628181998700 -0.529036520400  1.037711894800
C -0.137007569600 -0.688721253300 -1.222795184100
C -0.045763518900 -1.302722149800 -2.261807641900
C  0.027538239600 -2.032481065400 -3.505769536000
O  1.038719657700 -2.534435086800 -3.934589042600
H  1.209248838000  1.575141887000 -0.332460578400
H -0.443168700200  2.025953328500 -0.744134277400
H  0.041222778600  1.932237214000  0.978865550400
H -0.937131285800 -2.094971103700 -4.047487234400",QM9 qsGW input / source EOM CSV retained separately,QM9 qsGW-BSE singlet-singlet,4.16690019,0.153130757556108,"[4.16690019, 4.34999672, 5.37099103, 5.68224945, 5.86190401]","[0.153130757556108, 0.1598594309263225, 0.19738027976402303, 0.20881881572048835, 0.21542099902625392]","[3.47386746, 3.70112864, 3.92564201, 4.4304113, 4.93574578]","[0.00035759, 0.00018248, 9.951e-05, 0.00739026, 0.00974274]","[""0.04482719"", ""0.12167410"", ""-0.07626254"", ""0.09754307"", ""-0.03579419"", ""-0.01630720"", ""-0.01724929"", ""0.06757446"", ""0.00465254"", ""0.15372277"", ""-0.34552482"", ""-0.44715149"", ""-0.22952762"", ""0.52846257"", ""0.32607122""]",5,QM9_xyz_files/mol_1203.xyz,E_exc_SS/mol_1203.dat,E_exc_ST/mol_1203.dat,osc_stren/mol_1203.dat,trans_dip_mom/mol_1203.dat,4.023026996769503,"[4.023026996769503, 4.195744179500846, 6.123863530908152]",geometry_matched_to_qm9_mol_1203; qm9_source=qm9randdiv60_1171_C5H4O2; generated=2026-07-15
qm9randdiv60_32_C3H4O,candidate,C3H4O,32,33,def2-tzvp,0,0,Angstrom,"O -0.020131966000  1.457381372900  0.010101949200
C  0.001684776900  0.035799798400  0.002247355600
C -1.363666911900 -0.474811010900  0.012550564100
C -2.479028348600 -0.919702021200  0.020824505200
H  0.894469110300  1.757365525800  0.003273634600
H  0.519790284300 -0.351754127700 -0.889803024800
H  0.536704584200 -0.361276609300  0.880008941500
H -3.467735019100 -1.307370088000  0.028181204500",QM9 qsGW input / source EOM CSV retained separately,QM9 qsGW-BSE singlet-singlet,6.6944591,0.24601683425764537,"[6.6944591, 7.33717577, 7.45659246, 7.60615393, 8.1202083]","[0.24601683425764537, 0.26963623623113947, 0.2740247186450998, 0.27952100129119434, 0.2984121509501277]","[5.33235084, 6.05954884, 6.22461863, 6.97367909, 7.15884695]","[5.938e-05, 0.00713152, 0.0034177, 0.00382173, 0.01296878]","[""-0.00003597"", ""-0.00066858"", ""0.04835846"", ""0.20470983"", ""0.46303388"", ""0.00063513"", ""-0.00311293"", ""-0.00068609"", ""-0.34764212"", ""-0.00053623"", ""-0.00897146"", ""0.36388865"", ""-0.00704850"", ""0.00456811"", ""-0.64890811""]",5,QM9_xyz_files/mol_33.xyz,E_exc_SS/mol_33.dat,E_exc_ST/mol_33.dat,osc_stren/mol_33.dat,trans_dip_mom/mol_33.dat,7.24962695292293,"[7.24962695292293, 7.815366622775813, 7.899507260242217]",geometry_matched_to_qm9_mol_33; qm9_source=qm9randdiv60_32_C3H4O; generated=2026-07-15
qm9randdiv60_106_C4H4O,candidate,C4H4O,106,110,def2-tzvp,0,0,Angstrom,"O  0.022881854700 -0.128390480800  0.036751792000
C  0.039015454200  1.048867425600 -0.194732891400
C  1.308117319500  1.904722843600 -0.128779379700
C  1.329241469300  2.944971763400 -1.144937124400
C  1.299679049500  3.785384509300 -2.002944545200
H -0.880683278700  1.613506020300 -0.459419702400
H  1.330228964100  2.357535892500  0.874266401300
H  2.174525752900  1.239094628400 -0.195576378700
H  1.292041664500  4.533414497700 -2.756775651400",QM9 qsGW input / source EOM CSV retained separately,QM9 qsGW-BSE singlet-singlet,4.68819115,0.17228784699240446,"[4.68819115, 6.92661425, 7.32681503, 7.36815867, 7.85851953]","[0.17228784699240446, 0.25454837865973284, 0.26925548605890126, 0.27077483680517556, 0.28879526603164685]","[3.98890035, 5.38143939, 5.95509761, 6.23230803, 6.25595038]","[0.00025802, 0.00016411, 0.0127254, 0.00135763, 0.01570626]","[""0.02614168"", ""-0.11746166"", ""0.00568236"", ""0.06343677"", ""0.01929283"", ""0.04302481"", ""-0.44455603"", ""-0.45348707"", ""0.23391734"", ""0.06556562"", ""0.06543990"", ""-0.20001739"", ""0.41878703"", ""0.59200465"", ""0.03438790""]",5,QM9_xyz_files/mol_110.xyz,E_exc_SS/mol_110.dat,E_exc_ST/mol_110.dat,osc_stren/mol_110.dat,trans_dip_mom/mol_110.dat,4.452772068749072,"[4.452772068749072, 7.53151926470851, 7.886124581010662]",geometry_matched_to_qm9_mol_110; qm9_source=qm9randdiv60_106_C4H4O; generated=2026-07-15
qm9randdiv60_111_C5H4,candidate,C5H4,111,115,def2-tzvp,0,0,Angstrom,"C -0.017945207000  1.472171149100  0.010168675300
C  0.002002505000  0.021034326300  0.001880284700
C  0.018454652800 -1.188566299600 -0.004751549000
C  0.036686156200 -2.549294055800 -0.012124224500
C  0.052907699300 -3.756801519200 -0.018543641000
H  0.998490690000  1.881411730000  0.002754187200
H -0.542767402700  1.865210087000 -0.867759336700
H -0.525869966500  1.855221986400  0.902326822100
H  0.067114512900 -4.818183404200 -0.024149598100",QM9 qsGW input / source EOM CSV retained separately,QM9 qsGW-BSE singlet-singlet,5.09146301,0.18710781449992012,"[5.09146301, 5.39530006, 5.39560211, 7.26916714, 7.26947925]","[0.18710781449992012, 0.19827362013927072, 0.19828472027203384, 0.26713696517654456, 0.2671484350074888]","[3.78053178, 4.50954232, 4.50976328, 5.09152641, 6.12251602]","[6e-08, 0.00020176, 0.00019497, 7.13e-06, 4.017e-05]","[""0.00148687"", ""-0.00093676"", ""0.00035821"", ""0.03269664"", ""0.02786051"", ""-0.08953219"", ""0.09132951"", ""0.00229927"", ""0.03438444"", ""0.01395417"", ""0.00116519"", ""0.00791767"", ""0.01896101"", ""-0.00503996"", ""-0.03274707""]",5,QM9_xyz_files/mol_115.xyz,E_exc_SS/mol_115.dat,E_exc_ST/mol_115.dat,osc_stren/mol_115.dat,trans_dip_mom/mol_115.dat,5.6954093002103425,"[5.6954093002103425, 5.958413551714272, 5.958417250105592]",geometry_matched_to_qm9_mol_115; qm9_source=qm9randdiv60_111_C5H4; generated=2026-07-15
qm9randdiv60_11_CH3NO,candidate,CH3NO,11,12,def2-tzvp,0,0,Angstrom,"N -0.025899858300  1.346145610000  0.008893908900
C  0.046467275100 -0.011743413200  0.001204248400
O  1.071835204900 -0.652587816500 -0.011133128200
H  0.825354965100  1.885049484100  0.003737691200
H -0.908376795900  1.826796378400  0.018919919000
H -0.961441000800 -0.475003762900  0.008073910700",QM9 qsGW input / source EOM CSV retained separately,QM9 qsGW-BSE singlet-singlet,5.93463736,0.2180939003383186,"[5.93463736, 7.41887854, 7.69218685, 8.33263164, 8.54450668]","[0.2180939003383186, 0.2726387576485129, 0.2826826527859867, 0.30621856470941644, 0.3140048288153562]","[5.32182955, 5.4358875, 7.03191448, 7.61273446, 8.35166547]","[0.00115223, 0.02905758, 0.03135194, 0.269922, 0.00124077]","[""0.00193541"", ""-0.00144369"", ""0.22625674"", ""0.00872775"", ""-0.00508273"", ""1.01623168"", ""0.24769041"", ""-1.00666273"", ""-0.00806296"", ""-1.63539793"", ""2.42215436"", ""0.02674776"", ""0.00259368"", ""0.00025756"", ""0.19566670""]",5,QM9_xyz_files/mol_12.xyz,E_exc_SS/mol_12.dat,E_exc_ST/mol_12.dat,osc_stren/mol_12.dat,trans_dip_mom/mol_12.dat,5.910341277903922,"[5.910341277903922, 8.02725210539133, 8.09368121482593]",geometry_matched_to_qm9_mol_12; qm9_source=qm9randdiv60_11_CH3NO; generated=2026-07-15
qm9randdiv60_8342_C5H2N2O,candidate,C5H2N2O,8342,8614,def2-tzvp,0,0,Angstrom,"O -0.072174519400  1.422419918500 -0.002403953800
C  0.006568955800  0.011051087900  0.015794782400
C  0.709857780800 -0.501194613900  1.200641930300
C  1.309423806100 -0.877363895800  2.168861436000
C -1.391781444300 -0.485405361300  0.008286187000
N -2.472143652700 -0.889035220200  0.010564928900
C  0.694743091900 -0.489455561000 -1.210001314500
N  1.260022516700 -0.835424404800 -2.155099789000
H  0.816516197500  1.768062672800  0.153487587800
H  1.834157947700 -1.220158272200  3.028229645000",QM9 qsGW input / source EOM CSV retained separately,QM9 qsGW-BSE singlet-singlet,6.68180961,0.24555197407427765,"[6.68180961, 7.09236732, 7.17581625, 7.70688917, 7.81844639]","[0.24555197407427765, 0.2606396916307668, 0.2637063832445504, 0.2832229530803963, 0.28732260529919673]","[5.17359709, 5.93244113, 6.01730967, 6.07935439, 6.09980266]","[0.00021106, 0.00760259, 0.00218612, 0.00049198, 0.00283831]","[""0.07426373"", ""0.03725039"", ""-0.03777470"", ""-0.23390329"", ""0.35436088"", ""-0.31997860"", ""0.20737544"", ""0.10552739"", ""-0.16184950"", ""-0.04837925"", ""0.00628371"", ""-0.12022291"", ""0.20308609"", ""0.06375452"", ""0.22454609""]",5,QM9_xyz_files/mol_8614.xyz,E_exc_SS/mol_8614.dat,E_exc_ST/mol_8614.dat,osc_stren/mol_8614.dat,trans_dip_mom/mol_8614.dat,7.233213654194515,"[7.233213654194515, 7.575376879664427, 7.800188429414124]",geometry_matched_to_qm9_mol_8614; qm9_source=qm9randdiv60_8342_C5H2N2O; generated=2026-07-15
qm9randdiv60_41028_C8H4O,candidate,C8H4O,41028,42152,def2-tzvp,0,0,Angstrom,"O  0.014684103000 -0.104875668900  0.001515636100
C -0.002834008000  1.110437790700  0.005714615900
C  1.209770756600  1.905148743900  0.000404697000
C  2.220827341100  2.557832083500 -0.004061175700
C -1.226077962300  1.878710176800  0.016472067400
C -2.255496326900  2.506620856900  0.025512780400
C -3.514778786200  3.247507091900  0.037258402200
C -3.348649640600  4.700979874900  0.043401919800
C -3.225742020500  5.894524158300  0.048538653600
H  3.117362246500  3.129052634200 -0.008031493200
H -4.111060527400  2.944462348100 -0.834832646000
H -4.099985953200  2.935790701500  0.913783041300
H -3.112754922100  6.950569468100  0.053073611200",QM9 qsGW input / source EOM CSV retained separately,QM9 qsGW-BSE singlet-singlet,4.12174232,0.15147123644271165,"[4.12174232, 4.92858374, 5.44571925, 5.69142785, 6.02507254]","[0.15147123644271165, 0.1811221117309546, 0.20012649119641626, 0.2091561156991454, 0.22141733190415194]","[3.50733476, 3.77694939, 4.22029249, 4.55954382, 5.04319162]","[6.01e-06, 3.842e-05, 0.00013352, 0.21207157, 0.11908026]","[""0.00628285"", ""0.00388372"", ""-0.01816506"", ""-0.01291475"", ""-0.00764502"", ""-0.04278321"", ""-0.00347930"", ""-0.00233701"", ""-0.08029825"", ""-3.02367602"", ""0.82624172"", ""0.02278367"", ""0.18109562"", ""2.27572633"", ""0.00612180""]",5,QM9_xyz_files/mol_42152.xyz,E_exc_SS/mol_42152.dat,E_exc_ST/mol_42152.dat,osc_stren/mol_42152.dat,trans_dip_mom/mol_42152.dat,3.935116686079521,"[3.935116686079521, 5.6901109776602, 6.199709713254741]",geometry_matched_to_qm9_mol_42152; qm9_source=qm9randdiv60_41028_C8H4O; generated=2026-07-15
qm9randdiv60_513_C5H8O,candidate,C5H8O,513,523,def2-tzvp,0,0,Angstrom,"C  0.103113461200  1.412869263900 -0.029346783600
O  0.138255152100  0.007827964300 -0.109217951500
C  0.517242612600 -0.583385063900  1.120270644200
C  0.541725210500 -2.034040817600  0.996815750600
C  0.568819317800 -3.234305615400  0.918610626500
C  0.598649704400 -4.685362464500  0.813006452800
H  1.088428965800  1.834811660200  0.227240051000
H -0.195548736200  1.785635233700 -1.011656585200
H -0.623890428700  1.763917402300  0.720952566900
H  1.511885890700 -0.215319387300  1.429169374100
H -0.185699518400 -0.285622612400  1.918653194700
H  1.587360667800 -5.084587244000  1.064548096100
H -0.130587516800 -5.151105723600  1.484924637000
H  0.361691637300 -5.007185575800 -0.207013253500",QM9 qsGW input / source EOM CSV retained separately,QM9 qsGW-BSE singlet-singlet,6.86570425,0.25230997744601374,"[6.86570425, 7.36915488, 7.44710547, 7.64957244, 7.66070408]","[0.25230997744601374, 0.2708114468474202, 0.2736760781931126, 0.28111660210357126, 0.2815256823282747]","[5.52203825, 6.23822869, 6.37589796, 7.09132513, 7.19269684]","[2.726e-05, 0.00232576, 0.00825762, 8.539e-05, 0.01555193]","[""0.03181458"", ""-0.00583298"", ""0.00098025"", ""-0.27746407"", ""-0.00932293"", ""0.07843311"", ""0.08836807"", ""-0.50441405"", ""0.17365425"", ""-0.04782040"", ""0.00744104"", ""-0.02452729"", ""-0.19551875"", ""0.16138058"", ""-0.68633825""]",5,QM9_xyz_files/mol_523.xyz,E_exc_SS/mol_523.dat,E_exc_ST/mol_523.dat,osc_stren/mol_523.dat,trans_dip_mom/mol_523.dat,7.243837931229941,"[7.243837931229941, 7.789716085795224, 7.980786726338187]",geometry_matched_to_qm9_mol_523; qm9_source=qm9randdiv60_513_C5H8O; generated=2026-07-15
qm9randdiv60_140_C3H3NO,candidate,C3H3NO,140,144,def2-tzvp,0,0,Angstrom,"N  0.010090719700 -1.137539525100 -0.033339207600
C  0.013046120500  0.017076733800  0.012203462700
C -0.015739558900  1.463648659200  0.061101785600
C  0.523595031500  2.185050148200  1.230347574400
O  1.243193245600  2.130864389800  0.005018660100
H -0.811137868700  1.919643262600 -0.524762376800
H  0.094393932400  3.151874758900  1.485889038300
H  0.950069427800  1.614785612600  2.052304903200",QM9 qsGW input / source EOM CSV retained separately,QM9 qsGW-BSE singlet-singlet,7.58002826,0.2785609006273095,"[7.58002826, 8.06105425, 8.23250376, 8.37512388, 8.77198908]","[0.2785609006273095, 0.2962382797086829, 0.30253893298853113, 0.3077801257271417, 0.32236465282224747]","[5.98953064, 6.84182081, 6.97275798, 7.49266498, 7.83527392]","[0.0124316, 0.01139117, 0.01038281, 0.03349997, 0.00468703]","[""0.31158730"", ""0.55262623"", ""0.17319094"", ""-0.16885949"", ""0.58081684"", ""0.08229939"", ""0.06362796"", ""-0.44076163"", ""-0.36640978"", ""0.50706860"", ""0.82861688"", ""0.33324462"", ""0.35032514"", ""-0.12211547"", ""-0.05708459""]",5,QM9_xyz_files/mol_144.xyz,E_exc_SS/mol_144.dat,E_exc_ST/mol_144.dat,osc_stren/mol_144.dat,trans_dip_mom/mol_144.dat,7.866192249742861,"[7.866192249742861, 8.181612743864624, 8.59148772783105]",geometry_matched_to_qm9_mol_144; qm9_source=qm9randdiv60_140_C3H3NO; generated=2026-07-15
qm9randdiv60_578_C6H12,candidate,C6H12,578,588,def2-tzvp,0,0,Angstrom,"C -0.088792591600  1.523844314800 -0.004044839900
C -0.093353170600 -0.002013372100 -0.128830267900
C  0.915456755400 -0.525188458800 -1.159774269200
C  0.921754383400 -2.034400317900 -1.281312066000
C -0.067432301700 -2.733149747700 -2.181513496400
C  1.398467025600 -2.704425989400 -2.544187329400
H  0.897113990800  1.893782688500  0.299240863900
H -0.338735566400  2.000122134200 -0.958912746100
H -0.815612102400  1.867603555500  0.738697421200
H  0.126374983800 -0.450618881400  0.849126334600
H -1.097817705700 -0.349415684200 -0.401637482500
H  0.692479366400 -0.085801670200 -2.142162654000
H  1.921951065300 -0.172932398500 -0.892842033600
H  1.159812574700 -2.553807067500 -0.355428427400
H -0.499013988000 -3.672475725400 -1.853721134300
H -0.743312024000 -2.115371846900 -2.764595436900
H  1.702727749600 -2.068717847500 -3.369580252400
H  1.967558325200 -3.623902155600 -2.461161093700",QM9 qsGW input / source EOM CSV retained separately,QM9 qsGW-BSE singlet-singlet,8.22445163,0.30224302266896086,"[8.22445163, 8.41703651, 8.64198145, 8.83095455, 8.86236086]","[0.30224302266896086, 0.30932038647024074, 0.3175869605420841, 0.3245315938765163, 0.32568575448105486]","[8.01655463, 8.1848253, 8.45576704, 8.59564234, 8.63809566]","[0.00386022, 0.01043951, 0.00793038, 0.02444747, 0.00107957]","[""0.34489243"", ""0.05797031"", ""-0.03818092"", ""-0.10609351"", ""-0.39791239"", ""-0.39682525"", ""-0.44557049"", ""-0.03261294"", ""0.20588369"", ""0.01508861"", ""-0.32593053"", ""-0.78965783"", ""-0.15481407"", ""0.08782513"", ""-0.02102051""]",5,QM9_xyz_files/mol_588.xyz,E_exc_SS/mol_588.dat,E_exc_ST/mol_588.dat,osc_stren/mol_588.dat,trans_dip_mom/mol_588.dat,9.145942900176312,"[9.145942900176312, 9.380833476459946, 9.399072395411295]",geometry_matched_to_qm9_mol_588; qm9_source=qm9randdiv60_578_C6H12; generated=2026-07-15
qm9randdiv60_20171_C4H4N4,candidate,C4H4N4,20171,20507,def2-tzvp,0,0,Angstrom,"C -0.039226501500  1.446537373500  0.010208639400
C  0.010066359900 -0.005230625700  0.002232698100
C  0.053837493000 -1.208770247100 -0.004327779100
C  0.075425929500 -2.620501527600 -0.011828229300
N  1.192483262200 -3.355477310800 -0.022305328500
N  0.688028430900 -4.577812881600 -0.025613424200
N -0.637456608100 -4.639607452900 -0.018037057600
N -1.048648981700 -3.403551947400 -0.009167464700
H  0.969039766600  1.873515980500  0.002694659600
H -0.572969037700  1.826456296600 -0.867635394800
H -0.555899968700  1.817352538900  0.902052507500
H  1.265875435500 -5.405400056400 -0.033338786600",QM9 qsGW input / source EOM CSV retained separately,QM9 qsGW-BSE singlet-singlet,5.91542611,0.21738789992267155,"[5.91542611, 5.96674654, 6.10205604, 6.39186262, 6.62454322]","[0.21738789992267155, 0.21927389093893468, 0.2242464233478615, 0.23489661872490622, 0.24344747305833092]","[3.91035247, 4.77025176, 5.06901769, 5.1394729, 5.52135633]","[0.00150909, 0.23578266, 0.00747979, 0.11537671, 6.17e-06]","[""0.00105246"", ""-0.00451079"", ""0.25932799"", ""-1.18643548"", ""3.00202363"", ""0.02356023"", ""-0.00404512"", ""0.00573451"", ""-0.56849579"", ""-0.76922164"", ""-2.04161121"", ""-0.00478553"", ""0.00216854"", ""-0.00023427"", ""-0.01552032""]",5,QM9_xyz_files/mol_20507.xyz,E_exc_SS/mol_20507.dat,E_exc_ST/mol_20507.dat,osc_stren/mol_20507.dat,trans_dip_mom/mol_20507.dat,6.215005721498479,"[6.215005721498479, 6.493220448926378, 6.648196664197547]",geometry_matched_to_qm9_mol_20507; qm9_source=qm9randdiv60_20171_C4H4N4; generated=2026-07-15
qm9randdiv60_765_CN2O3,candidate,CN2O3,765,779,def2-tzvp,0,0,Angstrom,"O  0.002495793800 -0.034815344200  0.002885567200
C -0.013512517000  1.146005333200  0.009374293300
O -1.116213158800  1.964537979200  0.027955163900
N -0.660848911700  3.276422076100  0.029229377200
N  0.575833009100  3.293273244200  0.013064761800
O  1.066593634600  1.994281791500 -0.000018393500",QM9 qsGW input / source EOM CSV retained separately,QM9 qsGW-BSE singlet-singlet,6.38091085,0.23449414860078255,"[6.38091085, 6.9194103, 7.14412531, 8.15478473, 8.28994485]","[0.23449414860078255, 0.25428363838024554, 0.2625417626804411, 0.2996828113158817, 0.3046498541110619]","[4.20774722, 5.04429668, 6.22466244, 6.34810478, 6.62184086]","[0.01288447, 0.04829849, 1e-08, 3.458e-05, 0.00133282]","[""-0.01105355"", ""0.00385006"", ""-0.72960824"", ""1.35645324"", ""0.01850065"", ""-0.01855725"", ""0.00047205"", ""-0.00044481"", ""0.00006240"", ""0.00191091"", ""-0.00027865"", ""0.03338253"", ""-0.00249216"", ""0.00116066"", ""-0.20588476""]",5,QM9_xyz_files/mol_779.xyz,E_exc_SS/mol_779.dat,E_exc_ST/mol_779.dat,osc_stren/mol_779.dat,trans_dip_mom/mol_779.dat,6.539804374193721,"[6.539804374193721, 7.223098508395312, 7.477319997647161]",geometry_matched_to_qm9_mol_779; qm9_source=qm9randdiv60_765_CN2O3; generated=2026-07-15
qm9randdiv60_814_C2HF3O,candidate,C2HF3O,814,828,def2-tzvp,0,0,Angstrom,"F  0.036904398100  0.054835463600 -0.061208659600
C -0.017328809900  1.374488275200  0.010797821000
F  1.227816671900  1.868041575700  0.000405698600
F -0.659056156100  1.848638069400 -1.065052120400
C -0.741531728400  1.857301512600  1.284527381900
O -1.192351099200  1.105810274500  2.096900901600
H -0.794344046400  2.962136188900  1.358063216900",QM9 qsGW input / source EOM CSV retained separately,QM9 qsGW-BSE singlet-singlet,4.41434651,0.1622242420909682,"[4.41434651, 9.06874409, 9.28498982, 9.84584589, 10.01190401]","[0.1622242420909682, 0.3332701982919771, 0.34121708229285685, 0.3618281627034585, 0.36793068605522217]","[3.64691128, 5.64966379, 8.15966211, 8.66867039, 9.15125886]","[4.102e-05, 0.02432766, 0.00012237, 0.19780067, 0.00118221]","[""-0.04305078"", ""-0.00051880"", ""-0.02443352"", ""-0.08216887"", ""0.82653684"", ""0.13220209"", ""0.05190146"", ""-0.00314701"", ""0.02778080"", ""-0.97670795"", ""-1.13128795"", ""1.75038932"", ""0.15008494"", ""0.01146445"", ""0.09209082""]",5,QM9_xyz_files/mol_828.xyz,E_exc_SS/mol_828.dat,E_exc_ST/mol_828.dat,osc_stren/mol_828.dat,trans_dip_mom/mol_828.dat,4.322105872984038,"[4.322105872984038, 9.351684848685647, 9.856545216118782]",geometry_matched_to_qm9_mol_828; qm9_source=qm9randdiv60_814_C2HF3O; generated=2026-07-15
qm9randdiv60_13395_C7H11N,candidate,C7H11N,13395,13702,def2-tzvp,0,0,Angstrom,"C -0.012722843500  1.650011000600  0.040958534100
C -0.003139473800  0.110097909300  0.018671404100
C  0.673817013800 -0.436745943500 -1.152783191900
C  1.248796114200 -0.861388084800 -2.124457052700
C  1.890891262000 -1.355654293300 -3.312654656000
C  3.234224713100 -2.021683347500 -3.227179283400
N  2.059082134900 -2.799869528800 -3.573301037200
C  1.568899516300 -3.739377390700 -2.573568781100
H  1.006802220800  2.044775295100  0.045813651600
H -0.524018567500  2.047882422100 -0.839701821400
H -0.529033075000  2.014433187800  0.933997395900
H  0.482681990300 -0.265320428300  0.928625598700
H -1.035451000300 -0.261830687900  0.053124290600
H  1.664901844000 -0.791727618500 -4.215306776100
H  3.963554188000 -1.872753377200 -4.019461890900
H  3.652116107800 -2.135417361800 -2.228097280500
H  1.676921162600 -3.385291142400 -1.537816007000
H  0.508905116000 -3.939218640300 -2.757553673200
H  2.119942976200 -4.678506279600 -2.683843213700",QM9 qsGW input / source EOM CSV retained separately,QM9 qsGW-BSE singlet-singlet,6.53698755,0.2402298615331956,"[6.53698755, 6.86346965, 7.11314486, 7.29850429, 7.48151402]","[0.2402298615331956, 0.25222785741068, 0.2614032521422443, 0.2682150855536101, 0.27494056908265974]","[5.35674804, 6.05197319, 6.16745728, 6.67048804, 6.91576724]","[0.01168189, 0.03421882, 0.01740095, 0.04968627, 0.02400798]","[""0.19715627"", ""-0.60896569"", ""-0.24805353"", ""0.95230859"", ""-0.28642778"", ""-0.57076534"", ""0.57404822"", ""-0.38388537"", ""-0.41010741"", ""0.76039112"", ""-0.93243459"", ""-0.58954058"", ""0.24861843"", ""-0.72494291"", ""-0.50877030""]",5,QM9_xyz_files/mol_13702.xyz,E_exc_SS/mol_13702.dat,E_exc_ST/mol_13702.dat,osc_stren/mol_13702.dat,trans_dip_mom/mol_13702.dat,6.830291337475672,"[6.830291337475672, 7.301403477922193, 7.609438032241794]",geometry_matched_to_qm9_mol_13702; qm9_source=qm9randdiv60_13395_C7H11N; generated=2026-07-15
qm9randdiv60_121086_C5HN3O,candidate,C5HN3O,121086,123321,def2-tzvp,0,0,Angstrom,"C  0.025874796200 -1.175499296200 -0.003176055200
C  0.001095820300  0.025061258400  0.003222373200
C -0.020076165800  1.439684543500  0.010649040900
N -1.144765624200  2.129944283400  0.029964127900
O -0.724913170400  3.447300451700  0.030680155200
C  0.618697535900  3.414340435000  0.011535402400
N  1.120488751500  2.219503521900 -0.001524993600
C  1.316265219800  4.653774792100  0.007930140900
N  1.875544885200  5.664796721700  0.005126681400
H  0.047842101500 -2.238348181500 -0.008840043000",QM9 qsGW input / source EOM CSV retained separately,QM9 qsGW-BSE singlet-singlet,5.66433292,0.20816039538724856,"[5.66433292, 5.75612649, 5.84351971, 6.29228794, 6.57883759]","[0.20816039538724856, 0.21153374686483212, 0.21474538846258, 0.23123731672904846, 0.24176782213621964]","[3.4504809, 4.45578893, 5.08201086, 5.22867922, 5.35833773]","[0.00494188, 0.0667182, 0.00035304, 0.4096248, 0.05472374]","[""0.00638434"", ""-0.00123542"", ""0.47960694"", ""-1.74678718"", ""-0.06815156"", ""0.02381659"", ""0.00034985"", ""-0.00328478"", ""0.12617744"", ""-0.78671858"", ""-4.06787535"", ""-0.00930234"", ""0.64858173"", ""1.33147154"", ""-0.00240889""]",5,QM9_xyz_files/mol_123321.xyz,E_exc_SS/mol_123321.dat,E_exc_ST/mol_123321.dat,osc_stren/mol_123321.dat,trans_dip_mom/mol_123321.dat,5.917368594241274,"[5.917368594241274, 6.398877394701635, 6.5683782162758515]",geometry_matched_to_qm9_mol_123321; qm9_source=qm9randdiv60_121086_C5HN3O; generated=2026-07-15
qm9randdiv60_500_C3H5NO2,candidate,C3H5NO2,500,510,def2-tzvp,0,0,Angstrom,"C -0.022738117100  1.419781621800 -0.076481003300
N -0.050734431000 -0.000263506200 -0.363753917800
C -1.076561576600 -0.639095677800 -0.042412683100
O -1.141603516700 -1.984993889200 -0.297616502900
C -2.272623337600 -2.651922531200  0.064850679100
O -2.404969771400 -3.818959182600 -0.122404859200
H  0.833913831300  1.638004596900  0.569634274900
H  0.131674777700  1.971350914300 -1.009683786000
H -0.935411020500  1.798841995100  0.409357571800
H -1.972119627000 -0.227350446500  0.442748607100
H -3.026415781200 -1.997103184600  0.538337109400",QM9 qsGW input / source EOM CSV retained separately,QM9 qsGW-BSE singlet-singlet,5.8526856,0.21508222870721663,"[5.8526856, 6.09347901, 7.63278382, 8.05842019, 8.3088448]","[0.21508222870721663, 0.22393122330908125, 0.2804996316983066, 0.29614147978911287, 0.30534441446271565]","[4.83772405, 5.11010826, 5.2517602, 5.84625663, 7.85887273]","[0.00074805, 0.0012821, 0.47985102, 0.00152548, 0.10427545]","[""0.07331167"", ""-0.03493458"", ""0.16464787"", ""0.09531347"", ""-0.04631647"", ""0.21036578"", ""2.04096228"", ""3.51921159"", ""-0.16603004"", ""0.13289327"", ""-0.15482780"", ""-0.09102956"", ""-1.55920405"", ""-0.78549152"", ""0.51115655""]",5,QM9_xyz_files/mol_510.xyz,E_exc_SS/mol_510.dat,E_exc_ST/mol_510.dat,osc_stren/mol_510.dat,trans_dip_mom/mol_510.dat,5.782606663695868,"[5.782606663695868, 6.094784274591215, 7.931364264068062]",geometry_matched_to_qm9_mol_510; qm9_source=qm9randdiv60_500_C3H5NO2; generated=2026-07-15
qm9randdiv60_4149_C2HFN4,candidate,C2HFN4,4149,4222,def2-tzvp,0,0,Angstrom,"F -0.002240907800  0.082819031000  0.004003579100
C -0.042111351900  1.388049302100  0.010282369000
N -1.230966805300  1.952266599000  0.029412432200
C -1.146951670300  3.278866302100  0.035492779300
N -0.012672597500  3.986551134200  0.024121838400
N  1.127769042300  3.320436585600  0.005528823700
N  1.139326131200  1.999207709200 -0.001661991000
H -2.072620770800  3.846848576800  0.050736879300",QM9 qsGW input / source EOM CSV retained separately,QM9 qsGW-BSE singlet-singlet,3.36275597,0.1235790025396372,"[3.36275597, 4.21018318, 4.54544232, 5.42201676, 5.60164057]","[0.1235790025396372, 0.15472137810034364, 0.16704192424853667, 0.19925544075504104, 0.20585649401914966]","[2.38068919, 3.71962994, 4.18837706, 4.21003243, 4.78516415]","[0.0064223, 0.0001872, 3.524e-05, 0.00608736, 0.05589646]","[""0.00885530"", ""-0.00326317"", ""0.70959871"", ""-0.00177653"", ""0.00061315"", ""-0.10826505"", ""0.00087063"", ""-0.00031754"", ""0.04520265"", ""-0.00825194"", ""0.00352215"", ""-0.54403724"", ""1.20813316"", ""-1.08224962"", ""-0.02203886""]",5,QM9_xyz_files/mol_4222.xyz,E_exc_SS/mol_4222.dat,E_exc_ST/mol_4222.dat,osc_stren/mol_4222.dat,trans_dip_mom/mol_4222.dat,3.5102823288078477,"[3.5102823288078477, 4.406679871598548, 4.624973760692559]",geometry_matched_to_qm9_mol_4222; qm9_source=qm9randdiv60_4149_C2HFN4; generated=2026-07-15
qm9randdiv60_2351_C4H4O3,candidate,C4H4O3,2351,2408,def2-tzvp,0,0,Angstrom,"O  0.150285228400  1.394555569800 -0.099901347600
C  0.091661334000  0.011462546700 -0.083727675300
C  0.042891474200 -0.686518386600  1.316637436800
O -1.351194722600 -0.155971544900  1.451239636000
C -1.325165902500 -0.643515090300  0.035366195400
C -0.639305809900 -1.892479782100  0.632849022200
O -0.696427766800 -3.076302618900  0.654108196100
H -0.473240321400  1.697634799200  0.576030060300
H  0.780970586300 -0.383409216700 -0.832980254000
H  0.702656557400 -0.596312072600  2.176340101700
H -2.222363761000 -0.504368283700 -0.563123595300",QM9 qsGW input / source EOM CSV retained separately,QM9 qsGW-BSE singlet-singlet,4.9317193,0.18123734143559572,"[4.9317193, 6.38360668, 7.09253794, 8.05897339, 8.28137462]","[0.18123734143559572, 0.23459321852598333, 0.26064596180011634, 0.2961618095141405, 0.30433490396767243]","[4.36202225, 5.68116153, 6.53180568, 6.78595308, 7.78713369]","[0.0, 0.00715123, 0.00409023, 0.00384853, 0.00031323]","[""0.00024818"", ""0.00001266"", ""0.00023956"", ""-0.04213197"", ""0.53818745"", ""0.06314028"", ""-0.28440048"", ""0.00914701"", ""-0.26665717"", ""0.25903360"", ""-0.00783171"", ""0.24242155"", ""-0.07304672"", ""-0.00074051"", ""-0.06810035""]",5,QM9_xyz_files/mol_2408.xyz,E_exc_SS/mol_2408.dat,E_exc_ST/mol_2408.dat,osc_stren/mol_2408.dat,trans_dip_mom/mol_2408.dat,4.814152472267937,"[4.814152472267937, 6.442745586951273, 7.372803355170707]",geometry_matched_to_qm9_mol_2408; qm9_source=qm9randdiv60_2351_C4H4O3; generated=2026-07-15
qm9randdiv60_334_C3H6N2O,candidate,C3H6N2O,334,344,def2-tzvp,0,0,Angstrom,"C  0.204983444700  1.593391777300  0.073682500700
N  0.279236704200  0.159100772400  0.275484685700
C  0.487932471900 -0.569241333200 -0.757510979200
N  0.688078496100 -0.199872304100 -2.057971420200
C  0.551902381600 -2.047442346900 -0.523290588100
O  0.687566035400 -2.851045490200 -1.415033626900
H  1.122142742200  1.992669021600 -0.386970295900
H -0.637212286900  1.876418445700 -0.579101682700
H  0.060581840800  2.093932129200  1.033606539800
H  0.398453817300  0.708660796600 -2.375813109500
H  0.674841909800 -0.953674376800 -2.729266977100
H  0.451821113000 -2.323761841700  0.542494873200",QM9 qsGW input / source EOM CSV retained separately,QM9 qsGW-BSE singlet-singlet,4.12493721,0.1515886464846374,"[4.12493721, 5.14524471, 5.50361096, 6.75823664, 7.65113029]","[0.1515886464846374, 0.18908425552037453, 0.20225397229850584, 0.24836061562267608, 0.28117385203512263]","[3.43688363, 3.47008208, 4.49573553, 5.53017391, 6.44684217]","[0.00019945, 0.00364123, 0.16691478, 0.02380131, 0.0047794]","[""-0.10318837"", ""0.00049582"", ""0.04585240"", ""-0.12096607"", ""-0.25639827"", ""-0.32595016"", ""0.47227799"", ""-2.16124876"", ""-1.76166342"", ""0.95091658"", ""-0.03147986"", ""0.15318313"", ""-0.06357403"", ""0.30138807"", ""0.26428554""]",5,QM9_xyz_files/mol_344.xyz,E_exc_SS/mol_344.dat,E_exc_ST/mol_344.dat,osc_stren/mol_344.dat,trans_dip_mom/mol_344.dat,4.1401159410689345,"[4.1401159410689345, 5.2843223227501985, 5.99539347074812]",geometry_matched_to_qm9_mol_344; qm9_source=qm9randdiv60_334_C3H6N2O; generated=2026-07-15
qm9randdiv60_205_C3H3NO2,candidate,C3H3NO2,205,211,def2-tzvp,0,0,Angstrom,"O  0.116297611700  1.350554418100 -0.068129907900
C  0.068195368200  0.006894617500 -0.079379807000
C -0.038693093300 -0.826408861100 -1.145353216700
O -0.047574382600 -2.110408526800 -0.643763983500
C  0.054722982900 -1.959559204600  0.684545654900
N  0.127224777400 -0.729068393600  1.088096091800
H  0.192939508900  1.616628377600  0.856274552700
H -0.111986744800 -0.708246787700 -2.209791807500
H  0.066694521800 -2.856607839500  1.282965213100",QM9 qsGW input / source EOM CSV retained separately,QM9 qsGW-BSE singlet-singlet,5.85464863,0.2151543687291271,"[5.85464863, 6.56884856, 7.27680429, 7.52259235, 7.88132132]","[0.2151543687291271, 0.24140073205452736, 0.2674176252623984, 0.2764501698662676, 0.28963321635853845]","[3.77316973, 5.5295105, 6.05275225, 6.34280781, 6.35484695]","[0.11639792, 0.00110534, 0.00330062, 0.03701974, 0.02577606]","[""-0.12955212"", ""0.91491279"", ""-2.09494848"", ""0.14954350"", ""0.06219066"", ""-0.13469090"", ""-0.34486173"", ""0.01538922"", ""0.02102618"", ""0.07486709"", ""0.29049757"", ""1.09895514"", ""-0.92643265"", ""0.03081138"", ""0.05661165""]",5,QM9_xyz_files/mol_211.xyz,E_exc_SS/mol_211.dat,E_exc_ST/mol_211.dat,osc_stren/mol_211.dat,trans_dip_mom/mol_211.dat,6.368767585556375,"[6.368767585556375, 7.1790606601350735, 7.694097688458447]",geometry_matched_to_qm9_mol_211; qm9_source=qm9randdiv60_205_C3H3NO2; generated=2026-07-15
qm9randdiv60_14242_C6N2,candidate,C6N2,14242,14564,def2-tzvp,0,0,Angstrom,"N  0.087107489400 -6.276888549300 -0.032493468000
C  0.071127551500 -5.113752855500 -0.026125052600
C  0.052534208800 -3.755216301200 -0.018674951100
C  0.036016699300 -2.538825268500 -0.011983570700
C  0.017777928800 -1.193911344000 -0.004578631100
C  0.001319079300  0.022480480900  0.002125834500
C -0.016920790400  1.381021312800  0.009620738400
N -0.032529666600  2.544162724800  0.016027950400",QM9 qsGW input / source EOM CSV retained separately,QM9 qsGW-BSE singlet-singlet,3.79527328,0.13947372051137485,"[3.79527328, 4.04168992, 4.04169536, 5.63659443, 5.98968602]","[0.13947372051137485, 0.14852936500417724, 0.14852956492048988, 0.2071410246815724, 0.22011690127999667]","[2.62834015, 3.29931232, 3.29934034, 3.7952741, 5.05785666]","[1e-08, 1e-08, 0.0, 1e-08, 2e-08]","[""-0.00015342"", ""0.00004512"", ""0.00069890"", ""0.00021564"", ""0.00031767"", ""0.00067557"", ""-0.00045375"", ""-0.00028709"", ""0.00016333"", ""0.00002529"", ""-0.00042999"", ""0.00038017"", ""-0.00004024"", ""0.00062176"", ""-0.00069075""]",5,QM9_xyz_files/mol_14564.xyz,E_exc_SS/mol_14564.dat,E_exc_ST/mol_14564.dat,osc_stren/mol_14564.dat,trans_dip_mom/mol_14564.dat,4.486871621074266,"[4.486871621074266, 4.691610965442125, 4.691610978787934]",geometry_matched_to_qm9_mol_14564; qm9_source=qm9randdiv60_14242_C6N2; generated=2026-07-15
qm9randdiv60_3821_C2H2N2O3,candidate,C2H2N2O3,3821,3888,def2-tzvp,0,0,Angstrom,"N  0.085499549900  1.344566811800  0.157839789200
C -0.050661194800 -0.000533751700  0.033576568800
N -1.152396940900 -0.667011554300 -0.043427000600
O -0.704784401200 -2.030404263500 -0.052954500100
C  0.639301360700 -2.067495233700 -0.009648641000
O  1.348145236500 -3.016271049800 -0.019369950200
O  1.076764983100 -0.742698301200  0.050624576400
H  0.937127646000  1.733316517000 -0.218634697000
H -0.749715579300  1.873832945400 -0.044607955700",QM9 qsGW input / source EOM CSV retained separately,QM9 qsGW-BSE singlet-singlet,6.73521035,0.24751441507295602,"[6.73521035, 7.30050569, 7.52016944, 7.78094554, 8.4802807]","[0.24751441507295602, 0.26828863564701244, 0.276361129566075, 0.28594447448068583, 0.31164456758428905]","[4.85933562, 6.07927112, 6.21833362, 6.81131002, 6.83575566]","[0.00849836, 0.01213585, 0.22435968, 0.1094041, 0.00296814]","[""-0.14089236"", ""-0.29549272"", ""0.47493447"", ""-0.17962408"", ""-0.63167491"", ""0.08411659"", ""0.91258328"", ""2.63592944"", ""0.29384274"", ""-1.84829891"", ""0.52290077"", ""-0.13453105"", ""0.13237946"", ""-0.03949999"", ""-0.27057530""]",5,QM9_xyz_files/mol_3888.xyz,E_exc_SS/mol_3888.dat,E_exc_ST/mol_3888.dat,osc_stren/mol_3888.dat,trans_dip_mom/mol_3888.dat,7.1689644517128235,"[7.1689644517128235, 7.423740482242966, 7.737592844497701]",geometry_matched_to_qm9_mol_3888; qm9_source=qm9randdiv60_3821_C2H2N2O3; generated=2026-07-15
qm9randdiv60_3827_C3H2N2O2,candidate,C3H2N2O2,3827,3895,def2-tzvp,0,0,Angstrom,"C  0.753022117900  0.156270639500  0.564647459700
C  0.484717157500  0.055179932500  1.860424811200
H  1.320470894600 -0.000517861500  2.546099999900
C -0.898518161400  0.022633955500  2.339174381500
O -1.892251960300  0.079062365500  1.649296540300
N -3.472665217600 -0.233418736900 -1.434332505500
N -2.374719317900 -0.262891554600 -1.411196750700
H -0.963463447100 -0.061481530500  3.443763354900
O  0.977886802400  0.245162790500 -0.561861320500",QM9 qsGW input / source EOM CSV retained separately,QM9 qsGW-BSE singlet-singlet,4.10935842,0.15101613651182058,"[4.10935842, 4.55241987, 5.74670291, 6.30774565, 7.13073975]","[0.15101613651182058, 0.1672983444814834, 0.21118743668736406, 0.2318053770939363, 0.26204985242349954]","[3.72583768, 3.81335172, 3.96333225, 5.84107014, 6.25342762]","[0.00023186, 0.0003595, 0.10686728, 0.18100546, 0.02891702]","[""-0.00484750"", ""-0.12123008"", ""-0.01257024"", ""0.00819266"", ""-0.14397120"", ""-0.00542371"", ""1.77303970"", ""0.10451788"", ""-1.32257756"", ""1.90829059"", ""0.15562507"", ""-1.97515179"", ""0.00091338"", ""-1.02974898"", ""-0.09477170""]",5,QM9_xyz_files/mol_3895.xyz,E_exc_SS/mol_3895.dat,E_exc_ST/mol_3895.dat,osc_stren/mol_3895.dat,trans_dip_mom/mol_3895.dat,4.164935283383519,"[4.164935283383519, 4.530577133891453, 5.970744154581396]",geometry_matched_to_qm9_mol_3895; qm9_source=qm9randdiv60_3827_C3H2N2O2; generated=2026-07-15
qm9randdiv60_23279_C4H4FN3,candidate,C4H4FN3,23279,23783,def2-tzvp,0,0,Angstrom,"C -0.012525964200  1.476861352100  0.020780251700
C -0.008339397900 -0.022419112300  0.001240567300
N  0.139960877100 -0.633266371700 -1.193911640100
C  0.138910366900 -1.949986850500 -1.173278082000
C -0.011209454300 -2.612835541900  0.048971975800
F -0.014203789200 -3.934724041600  0.084961474700
N -0.152686503500 -1.984642076700  1.187683258400
N -0.152133297000 -0.649375980100  1.170326145600
H  0.924982006200  1.862846447700 -0.391210322800
H -0.821535377600  1.860835590600 -0.608258620500
H -0.139667402000  1.838707284600  1.040849326400
H  0.254667355500 -2.497221260100 -2.105426224500",QM9 qsGW input / source EOM CSV retained separately,QM9 qsGW-BSE singlet-singlet,3.35024471,0.12311922221507383,"[3.35024471, 4.72874947, 5.12426744, 5.67085603, 6.26204275]","[0.12311922221507383, 0.1737783377609878, 0.18831335506677882, 0.20840011525822585, 0.23012582649747457]","[2.64190204, 3.49644476, 4.01902147, 4.26842075, 4.99740409]","[0.00514166, 1.399e-05, 0.08451549, 1.28e-06, 4.215e-05]","[""0.63133983"", ""0.00083761"", ""0.07816948"", ""-0.02775566"", ""0.00007330"", ""-0.00308479"", ""-0.22790062"", ""0.96413680"", ""1.83513623"", ""-0.00757339"", ""0.00014887"", ""-0.00145075"", ""-0.04135414"", ""0.00592634"", ""-0.00543078""]",5,QM9_xyz_files/mol_23783.xyz,E_exc_SS/mol_23783.dat,E_exc_ST/mol_23783.dat,osc_stren/mol_23783.dat,trans_dip_mom/mol_23783.dat,3.5435868233085888,"[3.5435868233085888, 4.79800447535177, 5.29496499869472]",geometry_matched_to_qm9_mol_23783; qm9_source=qm9randdiv60_23279_C4H4FN3; generated=2026-07-15
qm9randdiv60_21102_CH2N6O,candidate,CH2N6O,21102,21514,def2-tzvp,0,0,Angstrom,"N -0.062786492500  1.335785850900  0.008101412400
C  0.131877238100  0.004460904800  0.000653860100
O  1.158192421800 -0.608192666500 -0.010656136600
N -1.156512819000 -0.707006172800  0.008578552200
N -2.348532253400 -0.111439735900  0.020459700300
N -3.209700533300 -1.069695226300  0.024134580700
N -2.544775787700 -2.255435788900  0.014101035000
N -1.273963654300 -2.029765402400  0.004256510400
H  0.751160800600  1.926533331000  0.002853084100
H -0.987364170400  1.734405966200  0.016758441300",QM9 qsGW input / source EOM CSV retained separately,QM9 qsGW-BSE singlet-singlet,5.50922195,0.20246017237774022,"[5.50922195, 5.9605554, 6.31842667, 6.61186162, 6.63694536]","[0.20246017237774022, 0.2190463707404401, 0.23219789733908092, 0.24298143285422813, 0.2439032432968585]","[4.62543187, 4.81033932, 5.01757454, 5.17694354, 5.22974781]","[0.00656979, 0.0012303, 0.00329796, 0.00017872, 0.15006378]","[""-0.00477165"", ""0.00194408"", ""-0.56074577"", ""0.00205960"", ""-0.00104268"", ""0.23328910"", ""-0.00008927"", ""-0.00375284"", ""0.37097900"", ""0.00739204"", ""-0.01681514"", ""0.08240343"", ""1.91944043"", ""1.50929550"", ""-0.00945190""]",5,QM9_xyz_files/mol_21514.xyz,E_exc_SS/mol_21514.dat,E_exc_ST/mol_21514.dat,osc_stren/mol_21514.dat,trans_dip_mom/mol_21514.dat,5.784325567356705,"[5.784325567356705, 6.151784623045279, 6.509474277828058]",geometry_matched_to_qm9_mol_21514; qm9_source=qm9randdiv60_21102_CH2N6O; generated=2026-07-15
qm9randdiv60_14827_C8H8,candidate,C8H8,14827,15149,def2-tzvp,0,0,Angstrom,"C -0.003194447000  1.485015887000 -0.001399372700
C  0.006723613300  0.033128055300 -0.002068271100
C  0.014867344500 -1.177757585600 -0.002358676900
C  0.024312737700 -2.536731150100 -0.002553706200
C  0.025501248300 -3.749373248200  0.002199051900
C  0.040871885900 -5.178132706800 -0.003578881800
C -0.411180138800 -5.956635549200  1.225669003700
C -1.266327728500 -5.960930447700 -0.004227849600
H  1.015761811200  1.888803535800 -0.012060580300
H -0.526850089400  1.881553753500 -0.878886491600
H -0.505226535500  1.877695768000  0.890361409000
H  0.855075498700 -5.624366712800 -0.568067391800
H  0.148709027900 -6.851101623800  1.474081432300
H -0.744685633400 -5.376713166100  2.077652454900
H -2.183004662800 -5.383925983600  0.008994718000
H -1.301325621900 -6.858399295800 -0.611335777900",QM9 qsGW input / source EOM CSV retained separately,QM9 qsGW-BSE singlet-singlet,5.03878201,0.18517182345838443,"[5.03878201, 5.3403412, 5.37675413, 6.67559181, 6.92108381]","[0.18517182345838443, 0.196253919286724, 0.19759206978265356, 0.24532347413885386, 0.25434513873839976]","[3.83554125, 4.51715526, 4.53935105, 5.08227753, 6.5233696]","[5.119e-05, 0.01830957, 0.00051043, 0.00086984, 0.00362204]","[""-0.04670358"", ""-0.00038269"", ""-0.02230559"", ""0.20496919"", ""0.89256411"", ""-0.25576639"", ""-0.14620578"", ""-0.00320705"", ""-0.06039356"", ""-0.09872704"", ""0.00292387"", ""-0.15685939"", ""-0.00997692"", ""-0.37111423"", ""0.01329822""]",5,QM9_xyz_files/mol_15149.xyz,E_exc_SS/mol_15149.dat,E_exc_ST/mol_15149.dat,osc_stren/mol_15149.dat,trans_dip_mom/mol_15149.dat,5.409907618016228,"[5.409907618016228, 5.744092171831159, 5.842170142438384]",geometry_matched_to_qm9_mol_15149; qm9_source=qm9randdiv60_14827_C8H8; generated=2026-07-15
qm9randdiv60_121043_C6H3N3,candidate,C6H3N3,121043,123278,def2-tzvp,0,0,Angstrom,"C  0.094631283400 -3.754478389000 -0.019600893100
C  0.058913870700 -2.546814136600 -0.012429399500
C  0.017352027800 -1.190020602000 -0.004359966000
C -0.030839019000  0.021371075100  0.003001724700
C -0.076030468100  1.427435346000  0.011433877300
C -1.181394383200  2.258318615000  0.031031659700
N -0.655517568800  3.498750823000  0.030796061900
N  0.695267519300  3.466726530600  0.012293246300
N  1.051629798000  2.223435058300  0.000547825000
H  0.129486902100 -4.815678474200 -0.025937343600
H -2.239009912100  2.059946989900  0.044267786300
H -1.128182180100  4.388973723900  0.042150421100",QM9 qsGW input / source EOM CSV retained separately,QM9 qsGW-BSE singlet-singlet,4.69257464,0.17244893727866825,"[4.69257464, 4.8746989, 4.98015097, 5.96002124, 5.98951568]","[0.17244893727866825, 0.179141880385411, 0.18301717247993074, 0.21902674072250675, 0.2201106414004573]","[3.28503313, 4.07176505, 4.18312607, 4.34183765, 4.70871916]","[6.7e-07, 0.1504399, 1.558e-05, 0.00834619, 0.05960905]","[""0.00005912"", ""0.00007104"", ""0.00613662"", ""-0.38177584"", ""2.82699534"", ""0.02081651"", ""0.00044028"", ""-0.00031914"", ""0.02871380"", ""0.00337099"", ""0.01925773"", ""0.60736385"", ""1.61768040"", ""-0.08367915"", ""-0.02221907""]",5,QM9_xyz_files/mol_123278.xyz,E_exc_SS/mol_123278.dat,E_exc_ST/mol_123278.dat,osc_stren/mol_123278.dat,trans_dip_mom/mol_123278.dat,5.287910657049376,"[5.287910657049376, 5.466804835331771, 5.595988608880492]",geometry_matched_to_qm9_mol_123278; qm9_source=qm9randdiv60_121043_C6H3N3; generated=2026-07-15
qm9randdiv60_2553_C5H2N2,candidate,C5H2N2,2553,2610,def2-tzvp,0,0,Angstrom,"N -0.113588155200 -1.175373329500 -0.003148400400
C -0.047550576900 -0.023344760800  0.002386055100
C  0.014602015900  1.443366594000  0.009649554100
C  1.379563256100  1.956251982800 -0.000610090100
C  2.501281953800  2.397092272000 -0.008939608400
C  3.771661102400  2.900207220400 -0.018352141900
N  4.849630384700  3.331051363800 -0.026320549800
H -0.533174975700  1.823604641700 -0.862370433400
H -0.516422315100  1.814187095600  0.895970344900",QM9 qsGW input / source EOM CSV retained separately,QM9 qsGW-BSE singlet-singlet,5.55664761,0.2042030332364733,"[5.55664761, 5.89794578, 5.90191891, 7.93439253, 8.08156239]","[0.2042030332364733, 0.21674550964376477, 0.21689151947818053, 0.29158354735308034, 0.29699193995276635]","[4.1485363, 4.91897485, 4.92482829, 5.55572759, 6.42299056]","[2.18e-06, 0.00101563, 0.00023027, 0.00013893, 0.00145963]","[""0.00032430"", ""0.00001205"", ""0.01015472"", ""-0.20123615"", ""0.07005877"", ""0.00220492"", ""-0.00080922"", ""0.00050044"", ""-0.10142714"", ""0.00890006"", ""0.00476466"", ""-0.06719678"", ""0.03773477"", ""0.01227954"", ""0.21459835""]",5,QM9_xyz_files/mol_2610.xyz,E_exc_SS/mol_2610.dat,E_exc_ST/mol_2610.dat,osc_stren/mol_2610.dat,trans_dip_mom/mol_2610.dat,6.128152283406152,"[6.128152283406152, 6.4176599034328135, 6.44247496198273]",geometry_matched_to_qm9_mol_2610; qm9_source=qm9randdiv60_2553_C5H2N2; generated=2026-07-15
qm9randdiv60_21340_C2N2O4,candidate,C2N2O4,21340,21781,def2-tzvp,0,0,Angstrom,"O -0.007579147800  0.014918111600  0.387126269100
C  0.022732239100  1.153957852100  0.060484545900
O -1.146057400500  1.798016509500 -0.292193168900
N -1.171831402300  3.149800890000 -0.688093849000
N -0.156654644600  3.828070025500 -0.740741454600
O  1.108383434700  3.304363336700 -0.408883336100
C  1.283136779200  1.996300081600 -0.004290773500
O  2.368455802300  1.602477283000  0.264057877100",QM9 qsGW input / source EOM CSV retained separately,QM9 qsGW-BSE singlet-singlet,4.53532676,0.16667018427510952,"[4.53532676, 5.08564004, 5.97275563, 6.11966807, 6.47249843]","[0.16667018427510952, 0.18689382429937096, 0.2194947209233272, 0.2248936535124988, 0.2378599300854911]","[3.88417156, 4.54997438, 4.56440241, 4.81615194, 5.4992506]","[0.00022363, 3.2e-07, 0.01226706, 1e-08, 0.11017518]","[""-0.01407175"", ""0.03175256"", ""0.10861193"", ""0.00369031"", ""0.00178710"", ""-0.00000241"", ""0.09904817"", ""-0.20356422"", ""-0.70024556"", ""-0.00042503"", ""-0.00037554"", ""-0.00023331"", ""1.14367041"", ""-1.66276194"", ""0.64492207""]",5,QM9_xyz_files/mol_21781.xyz,E_exc_SS/mol_21781.dat,E_exc_ST/mol_21781.dat,osc_stren/mol_21781.dat,trans_dip_mom/mol_21781.dat,4.680383513744682,"[4.680383513744682, 5.229817253623407, 6.134192010238801]",geometry_matched_to_qm9_mol_21781; qm9_source=qm9randdiv60_21340_C2N2O4; generated=2026-07-15
qm9randdiv60_49_C4H5N,candidate,C4H5N,49,50,def2-tzvp,0,0,Angstrom,"N -0.008296939600  1.353628376200  0.009959711400
C  1.280332540700  1.824574213900 -0.000224591900
C  2.122166390900  0.736988979600 -0.014456001700
C  1.308499041000 -0.431095803100 -0.012841538700
C -0.003427815600 -0.018368839200  0.002357364100
H -0.832432335900  1.927726682500  0.021229945900
H  1.484718203500  2.883126301200  0.003543134700
H  3.200669182000  0.773430771300 -0.024884155400
H  1.648105994900 -1.455396826400 -0.021803943200
H -0.925516472000 -0.576970536100  0.008394024800",QM9 qsGW input / source EOM CSV retained separately,QM9 qsGW-BSE singlet-singlet,5.77412139,0.21219504724245083,"[5.77412139, 6.4596854, 6.57315367, 6.92526674, 7.02877292]","[0.21219504724245083, 0.23738905991797477, 0.241558941928919, 0.25449885858060795, 0.2583026405365993]","[4.06272569, 5.67212925, 6.39488309, 6.56006118, 6.82942248]","[0.0, 0.17571779, 0.00310006, 0.0, 0.05892979]","[""-0.00003546"", ""-0.00008553"", ""0.00002615"", ""1.53088112"", ""2.19762829"", ""-0.00319078"", ""-0.00575675"", ""0.00312310"", ""-0.35259566"", ""0.00005460"", ""0.00011580"", ""-0.00012864"", ""0.01252909"", ""-0.00673167"", ""1.48683041""]",5,QM9_xyz_files/mol_50.xyz,E_exc_SS/mol_50.dat,E_exc_ST/mol_50.dat,osc_stren/mol_50.dat,trans_dip_mom/mol_50.dat,6.812068513771006,"[6.812068513771006, 6.9733977660049264, 7.228128339723294]",geometry_matched_to_qm9_mol_50; qm9_source=qm9randdiv60_49_C4H5N; generated=2026-07-15
qm9randdiv60_6852_C7H8O,candidate,C7H8O,6852,7064,def2-tzvp,0,0,Angstrom,"O -0.177719652000  1.416435968500  0.011351278800
C -0.038011702000  0.012909529800  0.002484962700
C  0.673180846400 -0.492535179600 -1.274431708700
C -0.002569038800 -0.099413948500 -2.502716390900
C -0.569173354900  0.215259184900 -3.514216782000
C  0.697365983300 -0.506137174800  1.260100573900
C  0.045208030200 -0.126300811300  2.505202751600
C -0.501963675500  0.177416094600  3.530654836500
H  0.701625314900  1.811548608500  0.005040740900
H -1.062537620400 -0.372090792600  0.010195213000
H  1.704970252100 -0.110741145300 -1.277843133200
H  0.755225399200 -1.586391788100 -1.230870239000
H -1.070047887700  0.499637054300 -4.406071345900
H  0.778461869100 -1.599454075000  1.203239969200
H  1.729067714100 -0.124285970400  1.247925893600
H -0.985668737900  0.452061765100  4.434950029600",QM9 qsGW input / source EOM CSV retained separately,QM9 qsGW-BSE singlet-singlet,6.94275279,0.25514145906563757,"[6.94275279, 6.96883247, 7.293471, 7.36439588, 7.3934133]","[0.25514145906563757, 0.25609986962819553, 0.2680301155577966, 0.27063655682318627, 0.27170292733947254]","[5.36054729, 5.38612465, 6.21884329, 6.23611219, 6.2586522]","[5.73e-06, 2.926e-05, 0.02469471, 0.00010752, 0.00104654]","[""-0.00132806"", ""0.00272811"", ""-0.01443337"", ""0.00823298"", ""-0.03223781"", ""0.00013334"", ""0.00211463"", ""0.00869941"", ""-0.94486330"", ""0.01240940"", ""0.00690865"", ""0.06039999"", ""-0.08368210"", ""0.17317375"", ""0.01829205""]",5,QM9_xyz_files/mol_7064.xyz,E_exc_SS/mol_7064.dat,E_exc_ST/mol_7064.dat,osc_stren/mol_7064.dat,trans_dip_mom/mol_7064.dat,7.551423282359945,"[7.551423282359945, 7.5861845254082505, 7.7938274893662856]",geometry_matched_to_qm9_mol_7064; qm9_source=qm9randdiv60_6852_C7H8O; generated=2026-07-15
qm9randdiv60_2588_C7H8,candidate,C7H8,2588,2645,def2-tzvp,0,0,Angstrom,"C  0.086136179000  1.513672177000 -0.147726717200
C  0.035578832100  0.067364191400  0.011105570200
C -0.010071664500 -1.127455684700  0.141647400200
C -0.058465038200 -2.583204275700  0.301899379900
C -1.400123907000 -3.150930587900  0.144211020900
C -2.499170625100 -3.622436364900  0.015765701800
C -3.831237742100 -4.188816275200 -0.140446341000
H  0.752484548000  1.802313042200 -0.968149067200
H -0.906202243900  1.922253134800 -0.368388226100
H  0.450275911400  2.002958756600  0.762452401500
H  0.622983160000 -3.052250809800 -0.422140363300
H  0.337856966400 -2.854210914800  1.290885858400
H -3.863631553100 -4.912661296500 -0.962289222200
H -4.154437821400 -4.706303906900  0.769593981800
H -4.569638431700 -3.409013875600 -0.357328727600",QM9 qsGW input / source EOM CSV retained separately,QM9 qsGW-BSE singlet-singlet,7.04525868,0.2589084810421498,"[7.04525868, 7.21983123, 7.24362053, 7.40598714, 7.48354698]","[0.2589084810421498, 0.26532390392512545, 0.2661981445751588, 0.2721650074366177, 0.27501527898466993]","[5.57651384, 5.60879717, 6.39635359, 6.41809332, 6.46370289]","[0.00472832, 0.01313617, 0.02963306, 3.6e-07, 0.01068686]","[""0.06948133"", ""-0.04586869"", ""-0.41236563"", ""0.10872778"", ""-0.08659769"", ""-0.67857675"", ""-0.58942981"", ""-0.85516676"", ""0.00548903"", ""-0.00247815"", ""-0.00123999"", ""-0.00230163"", ""-0.49510279"", ""0.34162138"", ""-0.12141476""]",5,QM9_xyz_files/mol_2645.xyz,E_exc_SS/mol_2645.dat,E_exc_ST/mol_2645.dat,osc_stren/mol_2645.dat,trans_dip_mom/mol_2645.dat,7.501302544919657,"[7.501302544919657, 7.6016463368574, 7.899866731290139]",geometry_matched_to_qm9_mol_2645; qm9_source=qm9randdiv60_2588_C7H8; generated=2026-07-15
qm9randdiv60_19305_C7H5N,candidate,C7H5N,19305,19637,def2-tzvp,0,0,Angstrom,"N  0.092860900600 -1.117195166200 -0.071612869300
C  0.041037891800  0.039990452000 -0.032993653200
C -0.030624160300  1.450641231700  0.022849630200
C -0.914638238900  2.441873735000  0.841734747500
C -0.829852164600  3.455607962000 -0.287395125100
C  0.209608277400  3.464386878700  0.824057469900
C  1.099127313900  2.494144185000 -0.008379605900
C  0.067782889700  2.485383277200 -1.111094226900
H -1.692763653100  2.268045515200  1.570823578300
H -1.537950612100  4.215631678600 -0.584601516200
H  0.452781494000  4.232443175100  1.544007627300
H  2.163478638300  2.308698743200 -0.045943182600
H  0.177864573300  2.291829782400 -2.168952834000",QM9 qsGW input / source EOM CSV retained separately,QM9 qsGW-BSE singlet-singlet,6.2875986,0.23106498666259728,"[6.2875986, 6.81804784, 7.01683718, 7.20517191, 7.3926609]","[0.23106498666259728, 0.2505586366811886, 0.25786401018193444, 0.2647851838515694, 0.2716752771494676]","[5.50399001, 5.86684886, 6.27804523, 6.38583257, 6.69276955]","[1.753e-05, 0.0231773, 0.03019727, 0.0001202, 0.00487437]","[""-0.01859668"", ""0.00021335"", ""-0.01973032"", ""0.07518397"", ""0.94055011"", ""-0.07829230"", ""0.07789963"", ""1.05935322"", ""-0.08086582"", ""0.04862268"", ""-0.00663249"", ""0.04462085"", ""-0.28386163"", ""-0.00542986"", ""-0.30539011""]",5,QM9_xyz_files/mol_19637.xyz,E_exc_SS/mol_19637.dat,E_exc_ST/mol_19637.dat,osc_stren/mol_19637.dat,trans_dip_mom/mol_19637.dat,6.646779629940033,"[6.646779629940033, 7.093951091134952, 7.385966249553419]",geometry_matched_to_qm9_mol_19637; qm9_source=qm9randdiv60_19305_C7H5N; generated=2026-07-15
qm9randdiv60_14311_C8H6,candidate,C8H6,14311,14633,def2-tzvp,0,0,Angstrom,"C -0.018132505700  1.482615214600  0.010276512800
C  0.001798135400  0.032283474900  0.001756633600
C  0.018343996900 -1.180443423300 -0.005093681200
C  0.036392048200 -2.532106748300 -0.012002209800
C  0.052791833400 -3.751341124000 -0.018353307600
C  0.071182120100 -5.102996535100 -0.025862560200
C  0.087661742500 -6.315725003800 -0.032619966900
C  0.107331974000 -7.766063473800 -0.040653261800
H  0.998237875700  1.892822943500  0.002927623300
H -0.542935234600  1.876735299100 -0.867555105700
H -0.526031917700  1.866596863300  0.902430558600
H -0.909103206300 -8.176110985900 -0.033183738200
H  0.615177362700 -8.150408710400 -0.932680208300
H  0.632067045300 -8.159985320900  0.837307941400",QM9 qsGW input / source EOM CSV retained separately,QM9 qsGW-BSE singlet-singlet,4.07568077,0.1497785057018516,"[4.07568077, 4.31476584, 4.31478897, 6.6537718, 6.82496062]","[0.1497785057018516, 0.15856471996667063, 0.15856556997849258, 0.24452160356148783, 0.250812676660538]","[2.94844036, 3.59186997, 3.59190562, 4.07553492, 6.6894035]","[0.0, 0.00024482, 0.00024559, 3.64485801, 0.00091967]","[""0.00000254"", ""0.00000031"", ""0.00007447"", ""-0.11897613"", ""-0.00180589"", ""0.02835028"", ""-0.02835618"", ""0.00000958"", ""-0.11918417"", ""-0.16288666"", ""12.01748614"", ""0.06543154"", ""-0.08840165"", ""-0.00674199"", ""0.16635254""]",5,QM9_xyz_files/mol_14633.xyz,E_exc_SS/mol_14633.dat,E_exc_ST/mol_14633.dat,osc_stren/mol_14633.dat,trans_dip_mom/mol_14633.dat,4.667589010419043,"[4.667589010419043, 4.879015530965544, 4.879015659921441]",geometry_matched_to_qm9_mol_14633; qm9_source=qm9randdiv60_14311_C8H6; generated=2026-07-15
qm9randdiv60_108_C2H4N2O,candidate,C2H4N2O,108,112,def2-tzvp,0,0,Angstrom,"N  0.189206384900  1.341475480800  0.007216111500
C  0.056591541900  0.082889922800  0.002248483700
N -1.174944591000 -0.574008146000  0.009898871800
C -2.457032937800 -0.041863090500  0.024747911100
O -2.755642406700  1.120171397500  0.034011111400
H  1.179300419800  1.582277422600 -0.000397651700
H  0.876278459500 -0.647069538800 -0.008692511200
H -1.129884349100 -1.581475437100  0.004038881700
H -3.202231511500 -0.864794021400  0.027084661600",QM9 qsGW input / source EOM CSV retained separately,QM9 qsGW-BSE singlet-singlet,5.14176247,0.18895628556072158,"[5.14176247, 6.07731979, 6.55671364, 6.94382954, 7.29799435]","[0.18895628556072158, 0.22333738292719393, 0.24095478196987155, 0.2551810288982902, 0.2681963456042598]","[4.36290363, 4.4806811, 5.22566474, 5.77388465, 6.74656512]","[0.00029691, 0.00255019, 0.22383855, 0.00065042, 0.02026393]","[""-0.00055006"", ""0.00092037"", ""-0.12339354"", ""0.00464837"", ""-0.00171085"", ""0.33260997"", ""2.87421223"", ""0.86065658"", ""-0.02288440"", ""-0.00214783"", ""0.00040559"", ""-0.15714851"", ""0.80255430"", ""0.29675716"", ""-0.00614501""]",5,QM9_xyz_files/mol_112.xyz,E_exc_SS/mol_112.dat,E_exc_ST/mol_112.dat,osc_stren/mol_112.dat,trans_dip_mom/mol_112.dat,5.162182054115372,"[5.162182054115372, 6.121252212219769, 6.907242009769781]",geometry_matched_to_qm9_mol_112; qm9_source=qm9randdiv60_108_C2H4N2O; generated=2026-07-15
qm9randdiv60_8688_C6HNO,candidate,C6HNO,8688,8960,def2-tzvp,0,0,Angstrom,"O  0.003146314300 -0.082338979400  0.003387426600
C -0.002833834600  1.130334284200  0.006780420500
C  1.190873379200  1.941012962200  0.000520501300
C  2.184329126400  2.620230276400 -0.004670844500
C -1.244151397600  1.886611538100  0.017255296400
C -2.292711405300  2.489660100700  0.026022800200
C -3.472078952600  3.175602199100  0.035914716400
N -4.473550954200  3.763854748200  0.044307830300
H  3.067427434400  3.213238800400 -0.009272457100",QM9 qsGW input / source EOM CSV retained separately,QM9 qsGW-BSE singlet-singlet,3.90154849,0.14337926244295024,"[3.90154849, 4.52198501, 5.07769105, 5.13343768, 5.71070413]","[0.14337926244295024, 0.16617988400597244, 0.1866017043048899, 0.18865035517096693, 0.20986450592321354]","[3.28776108, 3.39172169, 3.84558226, 4.09395921, 4.47144473]","[6.59e-06, 1.606e-05, 1.284e-05, 0.09057895, 0.11315694]","[""-0.00012462"", ""0.00000468"", ""-0.02110225"", ""0.00046740"", ""-0.00000600"", ""0.03060257"", ""0.00308866"", ""-0.00219582"", ""0.02554386"", ""1.97626162"", ""-0.86432181"", ""-0.01625222"", ""-1.56657153"", ""-1.66462018"", ""0.00655662""]",5,QM9_xyz_files/mol_8960.xyz,E_exc_SS/mol_8960.dat,E_exc_ST/mol_8960.dat,osc_stren/mol_8960.dat,trans_dip_mom/mol_8960.dat,3.8203014482465454,"[3.8203014482465454, 5.280056947281526, 5.818886639679009]",geometry_matched_to_qm9_mol_8960; qm9_source=qm9randdiv60_8688_C6HNO; generated=2026-07-15
qm9randdiv60_1163_C6H8O,candidate,C6H8O,1163,1195,def2-tzvp,0,0,Angstrom,"C  0.072640293800  1.507762655200  0.034923480400
C  0.008282714700  0.058443132900 -0.080071973200
C -0.053278097200 -1.139275960900 -0.171204880000
C -0.132068435400 -2.585359971100 -0.279498406900
C -1.440467669000 -3.205378999200  0.246935065500
C -1.526383786900 -4.716833240900  0.114889976400
O -2.327126383700 -2.546242069000  0.725814912300
H  0.918492226900  1.822175437400  0.656298461600
H  0.187753507000  1.981776250200 -0.946140681100
H -0.840179689000  1.906422918400  0.490889418100
H -0.011208073200 -2.910043099700 -1.323316417100
H  0.697033240600 -3.066531193700  0.259882086200
H -0.693294773100 -5.197703321100  0.639692820000
H -2.472286436700 -5.067867298600  0.528011709000
H -1.452947428800 -5.013271489800 -0.937618181100",QM9 qsGW input / source EOM CSV retained separately,QM9 qsGW-BSE singlet-singlet,4.85032239,0.17824606016590291,"[4.85032239, 7.11505483, 7.21262783, 7.35440222, 7.50870474]","[0.17824606016590291, 0.26147344224512015, 0.26505918385776533, 0.2702692965921323, 0.2759398096121277]","[4.18675471, 5.5779525, 6.07359292, 6.41486714, 6.42063704]","[2.113e-05, 0.00039791, 0.0006743, 0.00604696, 0.0012649]","[""0.01326737"", ""-0.00078911"", ""0.03117797"", ""0.03221147"", ""-0.00554043"", ""0.11695737"", ""0.14285748"", ""0.02735013"", ""-0.05913240"", ""-0.19568858"", ""0.04300999"", ""-0.42032733"", ""-0.05808891"", ""0.04184094"", ""-0.19823460""]",5,QM9_xyz_files/mol_1195.xyz,E_exc_SS/mol_1195.dat,E_exc_ST/mol_1195.dat,osc_stren/mol_1195.dat,trans_dip_mom/mol_1195.dat,4.6469257247613385,"[4.6469257247613385, 7.485604562480996, 7.795659112071288]",geometry_matched_to_qm9_mol_1195; qm9_source=qm9randdiv60_1163_C6H8O; generated=2026-07-15
qm9randdiv60_14260_C7H2O,candidate,C7H2O,14260,14582,def2-tzvp,0,0,Angstrom,"O -0.112013925100 -0.035375241700  0.002136371400
C -0.026739045500  1.171705948300  0.008199377200
C  1.217968040200  1.893373107800  0.000165029100
C  2.256178533100  2.528483102800 -0.006325949600
C  3.405429122700  3.230234511200 -0.013479027800
C  4.446948541200  3.864219087700 -0.019824119100
C  5.600384518500  4.567580827100 -0.026731149900
C  6.633149584200  5.197223401600 -0.032788190400
H -0.924926871800  1.820720647700  0.020644597900
H  7.540863422700  5.749421997400 -0.038115658800",QM9 qsGW input / source EOM CSV retained separately,QM9 qsGW-BSE singlet-singlet,3.52852972,0.1296710754866537,"[3.52852972, 3.96889725, 4.02480008, 4.29470206, 5.42796435]","[0.1296710754866537, 0.14585428372232112, 0.14790867483252199, 0.15782738965138915, 0.19947401065611972]","[2.6037756, 3.14969179, 3.31277597, 3.34963381, 3.96939631]","[1.18e-06, 0.00017734, 0.05897183, 6.23e-06, 6.46e-06]","[""0.00032527"", ""0.00004212"", ""0.00937564"", ""-0.00100234"", ""0.00063162"", ""-0.10854030"", ""1.57674895"", ""1.17368126"", ""-0.00845317"", ""-0.00060654"", ""-0.00019871"", ""-0.01954904"", ""0.01295150"", ""0.00568958"", ""0.01067433""]",5,QM9_xyz_files/mol_14582.xyz,E_exc_SS/mol_14582.dat,E_exc_ST/mol_14582.dat,osc_stren/mol_14582.dat,trans_dip_mom/mol_14582.dat,3.85479485624149,"[3.85479485624149, 4.25831539824135, 4.65897376913673]",geometry_matched_to_qm9_mol_14582; qm9_source=qm9randdiv60_14260_C7H2O; generated=2026-07-15
qm9randdiv60_4150_C4H3F3,candidate,C4H3F3,4150,4223,def2-tzvp,0,0,Angstrom,"C -0.017936382100  1.477791948900  0.010105309100
C  0.000883665800  0.025095133400  0.002467199400
C  0.017220670400 -1.175779575800 -0.003923974100
C  0.037702501300 -2.632914597800 -0.012444620100
F -1.203132622900 -3.142125791500 -0.003900077800
F  0.658691586200 -3.109398712300 -1.101649148300
F  0.678480261700 -3.121420127900  1.059806859500
H  0.999908717200  1.880814707500  0.001846980200
H -0.543455315500  1.865401466700 -0.868573392100
H -0.525400961900  1.856214958800  0.903278544300",QM9 qsGW input / source EOM CSV retained separately,QM9 qsGW-BSE singlet-singlet,6.98182047,0.2565771698246129,"[6.98182047, 7.39184701, 7.3918979, 8.39626686, 8.39633816]","[0.2565771698246129, 0.2716453672436421, 0.27164723741664754, 0.3085571159109151, 0.30855973613758625]","[5.37978929, 6.24357219, 6.24364648, 6.98024874, 8.12730802]","[3e-08, 0.00150725, 0.00148765, 0.01751915, 0.01757637]","[""0.00075764"", ""-0.00069372"", ""0.00007140"", ""0.17081211"", ""0.00210009"", ""0.15680856"", ""0.15523384"", ""0.00267562"", ""-0.17019338"", ""-0.05262413"", ""0.00391213"", ""-0.73988676"", ""0.74102712"", ""0.00953135"", ""-0.05288880""]",5,QM9_xyz_files/mol_4223.xyz,E_exc_SS/mol_4223.dat,E_exc_ST/mol_4223.dat,osc_stren/mol_4223.dat,trans_dip_mom/mol_4223.dat,7.42659237019604,"[7.42659237019604, 7.755766299965707, 7.755796003554094]",geometry_matched_to_qm9_mol_4223; qm9_source=qm9randdiv60_4150_C4H3F3; generated=2026-07-15
qm9randdiv60_22_C4H2,candidate,C4H2,22,23,def2-tzvp,0,0,Angstrom,"C  0.680980206000  0.000000000000  0.000000000000
C -0.680980206000  0.000000000000  0.000000000000
C -1.887666028300  0.000000000000  0.000000000000
C  1.887666028300  0.000000000000  0.000000000000
H -2.949599995400  0.000000000000  0.000000000000
H  2.949599995400  0.000000000000  0.000000000000",QM9 qsGW input / source EOM CSV retained separately,QM9 qsGW-BSE singlet-singlet,5.06811754,0.18624988430154804,"[5.06811754, 5.38614968, 5.38615458, 7.95309057, 8.17946466]","[0.18624988430154804, 0.19793734987662104, 0.19793752994829972, 0.2922706876490936, 0.30058978201472436]","[3.70731896, 4.4638669, 4.46388704, 5.06811754, 7.76897688]","[0.0, 0.0, 0.0, 0.0, 1.82450231]","[""0.00000020"", ""0.00000005"", ""0.00000005"", ""-0.00000114"", ""-0.00000015"", ""0.00000008"", ""-0.00001019"", ""-0.00000010"", ""-0.00000013"", ""0.00000468"", ""0.00000318"", ""-0.00000597"", ""-7.66943488"", ""0.00000010"", ""-0.00000023""]",5,QM9_xyz_files/mol_23.xyz,E_exc_SS/mol_23.dat,E_exc_ST/mol_23.dat,osc_stren/mol_23.dat,trans_dip_mom/mol_23.dat,5.7553056735468,"[5.7553056735468, 6.0302396289894755, 6.03024729823032]",geometry_matched_to_qm9_mol_23; qm9_source=qm9randdiv60_22_C4H2; generated=2026-07-15
qm9randdiv60_8451_C4H2O4,candidate,C4H2O4,8451,8723,def2-tzvp,0,0,Angstrom,"O -0.043208714800 -0.036282642900  0.001822818500
C -0.044120203100  1.163494220000  0.007146886700
C  1.295253427500  1.943856058000 -0.000509476000
O  2.359235825400  1.377832972200 -0.012246664300
C  1.212943673500  3.475842334700  0.008969016400
O  0.148967126700  4.041859789900  0.021510809800
C  2.552314281600  4.256211275500  0.001010351100
O  2.551404151900  5.455983398100  0.007115673400
H -0.964497512400  1.772844809000  0.017606350400
H  3.472680733600  3.646865605600 -0.010582716000",QM9 qsGW input / source EOM CSV retained separately,QM9 qsGW-BSE singlet-singlet,1.98935443,0.07310742686963649,"[1.98935443, 3.04708386, 3.93967003, 4.43382089, 5.26048145]","[0.07310742686963649, 0.1119782664673784, 0.14478020319824236, 0.16293991235575933, 0.19331912760510675]","[1.39808881, 2.36577871, 3.18579561, 3.74287093, 5.10310242]","[1.88e-06, 1e-08, 0.00027691, 3e-08, 3e-08]","[""0.00041131"", ""0.00050055"", ""0.01576369"", ""0.00010538"", ""-0.00068576"", ""-0.00002565"", ""-0.00164294"", ""0.00109615"", ""-0.13612866"", ""-0.00126922"", ""0.00038655"", ""-0.00000902"", ""-0.00097402"", ""0.00071441"", ""-0.00002549""]",5,QM9_xyz_files/mol_8723.xyz,E_exc_SS/mol_8723.dat,E_exc_ST/mol_8723.dat,osc_stren/mol_8723.dat,trans_dip_mom/mol_8723.dat,2.131157712618788,"[2.131157712618788, 3.155811136730814, 3.9905145641016797]",geometry_matched_to_qm9_mol_8723; qm9_source=qm9randdiv60_8451_C4H2O4; generated=2026-07-15
qm9randdiv60_482_C4H2O2,candidate,C4H2O2,482,492,def2-tzvp,0,0,Angstrom,"O -0.190803493300  0.155797858500  0.673895017000
C -0.014030381300  1.146046548800  0.007221639700
C  1.214124365900  1.909491921300  0.014454818100
C  2.227578079300  2.571292663600  0.010103774300
C  3.454433008400  3.336557360700 -0.011291390600
O  3.641289869400  4.321135804100  0.661038677800
H -0.790785846700  1.550367212700 -0.671177986800
H  4.219779108200  2.939733900200 -0.706867969600",QM9 qsGW input / source EOM CSV retained separately,QM9 qsGW-BSE singlet-singlet,4.15845132,0.15282026731045778,"[4.15845132, 4.17333106, 5.34452332, 5.56436939, 5.82230543]","[0.15282026731045778, 0.15336708766960774, 0.19640760936198126, 0.20448680341746286, 0.21396577805213549]","[3.4594876, 3.47870402, 3.87087743, 4.2841054, 4.86875866]","[0.00028575, 0.00029845, 3.194e-05, 0.00208591, 0.00299341]","[""-0.07437603"", ""0.11218735"", ""0.00153766"", ""0.00273243"", ""-0.00010231"", ""0.13729619"", ""0.00015952"", ""0.00064817"", ""-0.03969214"", ""0.22909389"", ""0.21533236"", ""0.00019028"", ""-0.00562108"", ""-0.00032890"", ""-0.36816130""]",5,QM9_xyz_files/mol_492.xyz,E_exc_SS/mol_492.dat,E_exc_ST/mol_492.dat,osc_stren/mol_492.dat,trans_dip_mom/mol_492.dat,4.007002425147473,"[4.007002425147473, 4.019161522321369, 6.100091746674547]",geometry_matched_to_qm9_mol_492; qm9_source=qm9randdiv60_482_C4H2O2; generated=2026-07-15
qm9randdiv60_57_C2H3N3,candidate,C2H3N3,57,58,def2-tzvp,0,0,Angstrom,"N -0.052321080500  1.349917685400  0.155355382000
C  0.085493780000 -0.014769513200  0.026688896500
N  1.145552153100 -0.719939058800 -0.039660367000
C -1.194265564600 -0.711520883400  0.018021508600
N -2.227476104000 -1.227905427100  0.001321483800
H  0.754744686300  1.919987366600 -0.044113339400
H -0.944585273200  1.766004730900 -0.059322927700
H  1.983124292800 -0.134155000400 -0.028785506700",QM9 qsGW input / source EOM CSV retained separately,QM9 qsGW-BSE singlet-singlet,6.01974863,0.22122168182032773,"[6.01974863, 6.62839146, 6.7745681, 7.31574652, 7.82553469]","[0.22122168182032773, 0.24358889326990016, 0.24896078570781488, 0.26884872581890684, 0.2875830955195744]","[4.0263212, 5.22414716, 5.80828802, 6.44315039, 6.64892219]","[0.00653915, 0.17594044, 0.03113569, 0.00145003, 0.05985375]","[""-0.23928058"", ""0.36059983"", ""-0.31490202"", ""-2.06135701"", ""1.65347073"", ""0.12769087"", ""0.73875655"", ""-0.64643306"", ""-0.49830844"", ""0.21299426"", ""-0.04743599"", ""-0.06819172"", ""-1.08213453"", ""-0.91164070"", ""-0.12164215""]",5,QM9_xyz_files/mol_58.xyz,E_exc_SS/mol_58.dat,E_exc_ST/mol_58.dat,osc_stren/mol_58.dat,trans_dip_mom/mol_58.dat,6.082242735171853,"[6.082242735171853, 7.095875218270686, 7.577201246315454]",geometry_matched_to_qm9_mol_58; qm9_source=qm9randdiv60_57_C2H3N3; generated=2026-07-15
qm9randdiv60_20174_C5H4N2O,candidate,C5H4N2O,20174,20510,def2-tzvp,0,0,Angstrom,"C -0.004785216700  1.458703889300  0.010099597900
C  0.002277461500  0.005988408700  0.002422030000
C  0.018529449800 -1.198921431200 -0.004001530100
C  0.003804239300 -2.610341563200 -0.011283896300
N  1.090884482000 -3.354158727500 -0.022321190200
O  0.656073698400 -4.643952218900 -0.026225156100
N -0.710060094100 -4.720689969400 -0.017660391500
C -1.125650497700 -3.488490258400 -0.008468866400
H  1.016171206100  1.853963505500  0.002458614300
H -0.526333661700  1.854464957600 -0.868017035500
H -0.509471720800  1.845179368900  0.902098970600
H -2.176208296200 -3.245576811300 -0.000306116800",QM9 qsGW input / source EOM CSV retained separately,QM9 qsGW-BSE singlet-singlet,5.66199083,0.2080743251672742,"[5.66199083, 5.70694597, 5.9829199, 6.66922624, 7.02214123]","[0.2080743251672742, 0.20972639609058588, 0.21986825095623752, 0.24508954375609218, 0.25805893042422023]","[3.51763537, 4.3735939, 4.9917335, 5.2332306, 5.28065381]","[0.00037567, 0.22420154, 8.473e-05, 0.00311618, 0.14487025]","[""-0.00066223"", ""0.00168899"", ""-0.13226030"", ""1.00986897"", ""-3.05601141"", ""-0.02315253"", ""-0.00237628"", ""0.00226391"", ""-0.06102171"", ""-0.08004209"", ""-0.34176413"", ""-0.00172323"", ""-1.14583616"", ""-2.03156874"", ""-0.00355436""]",5,QM9_xyz_files/mol_20510.xyz,E_exc_SS/mol_20510.dat,E_exc_ST/mol_20510.dat,osc_stren/mol_20510.dat,trans_dip_mom/mol_20510.dat,6.2183956950451105,"[6.2183956950451105, 6.261043804524063, 6.3156546987693725]",geometry_matched_to_qm9_mol_20510; qm9_source=qm9randdiv60_20174_C5H4N2O; generated=2026-07-15
qm9randdiv60_4140_C5H4FN,candidate,C5H4FN,4140,4213,def2-tzvp,0,0,Angstrom,"F -0.001977290700  0.046232467600  0.003726242800
C -0.014958931900  1.376992838400  0.010685464700
N -1.198387889500  1.944431270500  0.029199809700
C -1.225057226300  3.283626526000  0.036320458700
C -0.082263326700  4.072896156500  0.025192081400
C  1.158409814800  3.435182732400  0.005543425900
C  1.205625651200  2.048480076300 -0.002094991300
H -2.212412745000  3.737479979200  0.051675834000
H -0.161611803700  5.153324048600  0.031706512600
H  2.077747251500  4.010941997500 -0.003719906800
H  2.134967596300  1.493302027100 -0.017221361700",QM9 qsGW input / source EOM CSV retained separately,QM9 qsGW-BSE singlet-singlet,5.33361454,0.1960067190912179,"[5.33361454, 5.60955011, 6.17063258, 6.37455073, 7.32494261]","[0.1960067190912179, 0.20614716425287088, 0.2267665647100132, 0.23426041850182672, 0.26918667589307316]","[3.80161653, 4.20362197, 4.79859978, 4.93849494, 5.83366293]","[0.06409663, 0.00390273, 0.00014078, 0.03115758, 0.00918155]","[""1.39244940"", ""-1.10882825"", ""-0.02395435"", ""0.00546473"", ""-0.00185992"", ""0.42828625"", ""0.00140193"", ""0.00132928"", ""0.07754078"", ""-1.03405386"", ""-0.46852268"", ""0.01118954"", ""-0.09424894"", ""-0.46453865"", ""-0.32535686""]",5,QM9_xyz_files/mol_4213.xyz,E_exc_SS/mol_4213.dat,E_exc_ST/mol_4213.dat,osc_stren/mol_4213.dat,trans_dip_mom/mol_4213.dat,5.355497017073403,"[5.355497017073403, 5.710935004659785, 6.344829533907758]",geometry_matched_to_qm9_mol_4213; qm9_source=qm9randdiv60_4140_C5H4FN; generated=2026-07-15
qm9randdiv60_3705_C3H6N4,candidate,C3H6N4,3705,3765,def2-tzvp,0,0,Angstrom,"C -0.046512486700  1.437199574000  0.021715660900
N -0.009341721500 -0.010687760300  0.028910800400
N -0.006045047500 -0.733519348200 -1.082814580300
N  0.031483758100 -1.985123222600 -0.702838328700
C  0.049981727100 -1.975392898000  0.654682709100
C  0.092983578700 -3.202648719400  1.497635308600
N  0.024785990600 -0.736667343100  1.141010188200
H  0.841772560400  1.833678243400  0.518168468800
H -0.069483726700  1.755548454600 -1.019698793500
H -0.939433730700  1.788043146800  0.543536283300
H  0.985670177600 -3.793878408000  1.273599467700
H  0.103082227600 -2.932159567800  2.554486142300
H -0.776972787000 -3.836325051300  1.301713503100",QM9 qsGW input / source EOM CSV retained separately,QM9 qsGW-BSE singlet-singlet,6.12024196,0.2249147435810022,"[6.12024196, 6.56471651, 6.67129785, 7.54888128, 8.01557938]","[0.2249147435810022, 0.24124888201783146, 0.24516567401940448, 0.27741627022449084, 0.2945671090601569]","[4.46265654, 5.01881048, 5.2043457, 5.85030487, 6.44806124]","[0.00799453, 0.13747435, 3.214e-05, 0.05720494, 0.0004095]","[""0.58664121"", ""0.01540193"", ""-0.00831147"", ""0.04195077"", ""-2.15926480"", ""-0.92629662"", ""-0.03559741"", ""-0.00180767"", ""0.00020202"", ""0.03549610"", ""-0.70955967"", ""1.22211028"", ""0.10517624"", ""0.04435760"", ""-0.02102499""]",5,QM9_xyz_files/mol_3765.xyz,E_exc_SS/mol_3765.dat,E_exc_ST/mol_3765.dat,osc_stren/mol_3765.dat,trans_dip_mom/mol_3765.dat,6.267514218634961,"[6.267514218634961, 6.785441385719508, 6.87655611837578]",geometry_matched_to_qm9_mol_3765; qm9_source=qm9randdiv60_3705_C3H6N4; generated=2026-07-15
qm9randdiv60_8446_C6H2O2,candidate,C6H2O2,8446,8718,def2-tzvp,0,0,Angstrom,"O -0.032500797000 -0.045123892600 -0.000986246800
C -0.009739687700  1.163459907200  0.004335357100
C  1.201104224800  1.948034995100  0.000234264400
C  2.224325558300  2.581386560500 -0.003232353900
C -1.320969252600  1.985613743200  0.016369047000
O -1.298209883400  3.194195043500  0.021911563500
C -2.531810083800  1.201034023200  0.020350541900
C -3.554987815400  0.567612691600  0.023963540800
H  3.128474407900  3.141252225000 -0.005432754000
H -4.458789561200  0.007195853400  0.027856250100",QM9 qsGW input / source EOM CSV retained separately,QM9 qsGW-BSE singlet-singlet,3.10179619,0.11398890750952916,"[3.10179619, 4.45642894, 4.6625806, 5.03802363, 5.50082152]","[0.11398890750952916, 0.16377074286897267, 0.17134667663935876, 0.18514395350743285, 0.20215146226925618]","[2.44199593, 3.69409885, 3.70477034, 3.81591503, 4.32419514]","[4e-07, 0.0, 2.405e-05, 1e-08, 8e-08]","[""-0.00006802"", ""0.00005114"", ""-0.00584239"", ""0.00009237"", ""-0.00013631"", ""0.00023661"", ""-0.00020926"", ""0.00011311"", ""-0.03687657"", ""-0.00037979"", ""0.00026305"", ""0.00024335"", ""-0.00123801"", ""-0.00131378"", ""-0.00069842""]",5,QM9_xyz_files/mol_8718.xyz,E_exc_SS/mol_8718.dat,E_exc_ST/mol_8718.dat,osc_stren/mol_8718.dat,trans_dip_mom/mol_8718.dat,3.137860439393405,"[3.137860439393405, 4.437544892333377, 5.477471641016106]",geometry_matched_to_qm9_mol_8718; qm9_source=qm9randdiv60_8446_C6H2O2; generated=2026-07-15
qm9randdiv60_776_CHN3O2,candidate,CHN3O2,776,790,def2-tzvp,0,0,Angstrom,"O  0.113421727200  1.319299815600 -0.096199671300
C  0.064433879600 -0.004426845800 -0.090308379600
N -0.058679924400 -0.736342389800 -1.161396721200
O -0.061454695500 -2.007615763400 -0.662723007000
N  0.061693963300 -1.969122621700  0.706531365100
N  0.139075751800 -0.760600004700  1.060757912100
H  0.206365668000  1.621898299800  0.816326891900",QM9 qsGW input / source EOM CSV retained separately,QM9 qsGW-BSE singlet-singlet,5.70320195,0.2095888058933738,"[5.70320195, 5.73184848, 6.07147369, 7.44651335, 7.57135273]","[0.2095888058933738, 0.21064154645355837, 0.22312254271482285, 0.27365431818446595, 0.27824208078029494]","[3.56771414, 4.58219894, 4.79737309, 5.29366031, 6.38024118]","[0.00839178, 0.06234901, 0.00045829, 0.00798949, 0.0460586]","[""0.62138823"", ""-0.02257482"", ""-0.03710490"", ""-0.14969410"", ""-0.16197285"", ""-1.67921762"", ""0.14065402"", ""-0.00442600"", ""-0.01007219"", ""-0.52937786"", ""0.01545535"", ""0.04946387"", ""-0.02729182"", ""-1.24941453"", ""0.20583153""]",5,QM9_xyz_files/mol_790.xyz,E_exc_SS/mol_790.dat,E_exc_ST/mol_790.dat,osc_stren/mol_790.dat,trans_dip_mom/mol_790.dat,5.977919746079333,"[5.977919746079333, 6.169061306178713, 6.404486154008236]",geometry_matched_to_qm9_mol_790; qm9_source=qm9randdiv60_776_CHN3O2; generated=2026-07-15
qm9randdiv60_16693_C5H3NO2,candidate,C5H3NO2,16693,17015,def2-tzvp,0,0,Angstrom,"N -0.013523352000 -1.175228159200 -0.034155084900
C -0.006805672100 -0.020352564100 -0.006867479300
C -0.044202984400  1.432061773300 -0.016541226000
C  0.060439160800  2.126062791800  1.377132103200
O  1.483996864600  1.718486380000  1.433531335500
C  1.340660843900  2.150040017500  0.023200532800
C  0.614058282300  3.383771715900  0.640442708400
O  0.617608445000  4.564598805300  0.664712857800
H -0.791428090100  1.816187764700 -0.716287330000
H -0.551162068900  1.981459884700  2.263672012200
H  2.193926561100  2.032871510300 -0.639467089800",QM9 qsGW input / source EOM CSV retained separately,QM9 qsGW-BSE singlet-singlet,5.20212198,0.19117445664007626,"[5.20212198, 6.62878684, 7.84460797, 8.13599336, 8.23625294]","[0.19117445664007626, 0.24360342321690198, 0.2882840256312409, 0.2989922412056298, 0.3026767128122456]","[4.62636386, 5.7726147, 6.11428947, 6.75078017, 7.03767676]","[1e-07, 0.008859, 0.00075593, 0.00458552, 0.03818773]","[""-0.00157319"", ""-0.00007127"", ""0.00155026"", ""0.15235063"", ""-0.55786839"", ""0.13412693"", ""0.09816692"", ""-0.01004507"", ""-0.12519244"", ""0.28243916"", ""0.03491846"", ""-0.26006093"", ""-0.42315014"", ""-0.93210024"", ""-0.41806809""]",5,QM9_xyz_files/mol_17015.xyz,E_exc_SS/mol_17015.dat,E_exc_ST/mol_17015.dat,osc_stren/mol_17015.dat,trans_dip_mom/mol_17015.dat,5.077678645539264,"[5.077678645539264, 6.657282388436726, 8.372922792669511]",geometry_matched_to_qm9_mol_17015; qm9_source=qm9randdiv60_16693_C5H3NO2; generated=2026-07-15
qm9randdiv60_14337_C6H3NO,candidate,C6H3NO,14337,14659,def2-tzvp,0,0,Angstrom,"O -0.000302214700  1.457062728700  0.009955796100
C  0.004866721100  0.040313794100  0.002395281800
C -1.365657397500 -0.449798805800  0.012755139900
C -2.494811254500 -0.888461525000  0.021096292400
C -3.755420373100 -1.373800225200  0.030452806500
C -4.889622150000 -1.811507933300  0.038905608700
C -6.157009067800 -2.302224777500  0.048417653600
N -7.241615781600 -2.723583624500  0.056640819000
H  0.916747442500  1.750747179600  0.002964019900
H  0.510878222300 -0.364433300600 -0.889868254800
H  0.527618533200 -0.373821510400  0.880588196800",QM9 qsGW input / source EOM CSV retained separately,QM9 qsGW-BSE singlet-singlet,4.20823403,0.15464974815902496,"[4.20823403, 4.51717213, 4.5566273, 6.37348513, 6.80770343]","[0.15464974815902496, 0.16600301392825967, 0.16745296468208493, 0.2342212584241163, 0.25017848662538156]","[3.074372, 3.71721003, 3.7401653, 4.27132801, 5.16464916]","[5.23e-06, 0.00019721, 2.874e-05, 1.67e-05, 3.76e-06]","[""0.00007170"", ""-0.00016000"", ""0.01810891"", ""0.07202648"", ""-0.07951875"", ""-0.00123847"", ""-0.00106400"", ""0.00027214"", ""-0.04076819"", ""0.01429599"", ""0.00495626"", ""0.02149724"", ""0.01000976"", ""0.00594718"", ""0.00317126""]",5,QM9_xyz_files/mol_14659.xyz,E_exc_SS/mol_14659.dat,E_exc_ST/mol_14659.dat,osc_stren/mol_14659.dat,trans_dip_mom/mol_14659.dat,4.8158307421050175,"[4.8158307421050175, 5.099001070032323, 5.162506363092124]",geometry_matched_to_qm9_mol_14659; qm9_source=qm9randdiv60_14337_C6H3NO; generated=2026-07-15
qm9randdiv60_121_C3H5NO,candidate,C3H5NO,121,125,def2-tzvp,0,0,Angstrom,"C -0.012991523700  1.389274995000  0.010506854800
O -0.006505609200 -0.024046982800 -0.011073293200
C  0.658279252800 -0.565052785400  1.100643181700
C  0.632189089400 -2.028652826200  1.016775607400
N  0.629651170000 -3.182415525400  0.981070704300
H  1.008023363100  1.799809006900 -0.008446347400
H -0.546193738300  1.716625362100 -0.883496505800
H -0.529513194100  1.778953989300  0.900861284900
H  1.709962120600 -0.235677254800  1.146667182700
H  0.182831659300 -0.260038728800  2.048046180600",QM9 qsGW input / source EOM CSV retained separately,QM9 qsGW-BSE singlet-singlet,7.70343768,0.28309611316240024,"[7.70343768, 8.06414138, 8.52161318, 8.61239885, 8.76640041]","[0.28309611316240024, 0.2963517296436511, 0.3131635082081278, 0.31649982004389055, 0.322159272987884]","[6.19703172, 6.98501781, 7.16121461, 7.55304299, 8.08594561]","[0.00262251, 0.01315704, 0.00546353, 0.01464865, 0.00931051]","[""-0.25782411"", ""-0.00433930"", ""0.15257652"", ""0.56421135"", ""0.00940307"", ""-0.33438538"", ""-0.16541519"", ""0.26950380"", ""-0.26281633"", ""0.57444305"", ""0.00328333"", ""-0.34427204"", ""0.45533543"", ""0.01319678"", ""-0.26937109""]",5,QM9_xyz_files/mol_125.xyz,E_exc_SS/mol_125.dat,E_exc_ST/mol_125.dat,osc_stren/mol_125.dat,trans_dip_mom/mol_125.dat,8.001616218723447,"[8.001616218723447, 8.582401980424876, 9.03879571700535]",geometry_matched_to_qm9_mol_125; qm9_source=qm9randdiv60_121_C3H5NO; generated=2026-07-15
qm9randdiv60_2614_C5H5NO,candidate,C5H5NO,2614,2671,def2-tzvp,0,0,Angstrom,"C -0.011274757800  1.401771102900  0.010537991700
O -0.016465375100 -0.010643601700 -0.031683049800
C  0.646397229900 -0.575644286900  1.074280859500
C  0.612827413000 -2.028807377800  0.979532041700
C  0.600747468300 -3.234411246000  0.927528770000
C  0.585769196500 -4.598512878500  0.866434468300
N  0.575131048400 -5.758919289300  0.817941297500
H  1.012791390200  1.805176629100 -0.003372252500
H -0.542489004900  1.747312124600 -0.877973725200
H -0.523651269000  1.783660315600  0.906797571800
H  1.698452363800 -0.242849063300  1.122692762500
H  0.174744496700 -0.266360568800  2.023916304500",QM9 qsGW input / source EOM CSV retained separately,QM9 qsGW-BSE singlet-singlet,5.37383217,0.1974846897332292,"[5.37383217, 5.79792946, 5.8727219, 7.40484971, 7.94535138]","[0.1974846897332292, 0.21306997767726135, 0.21581854915112472, 0.2721232076550954, 0.291986277662405]","[4.07519913, 4.78367106, 4.82976445, 5.49400071, 6.41793631]","[2.184e-05, 0.00048919, 6.654e-05, 0.00415773, 0.00161662]","[""-0.02812963"", ""-0.00081844"", ""0.01672422"", ""-0.07525115"", ""0.02064469"", ""-0.12712231"", ""-0.04715736"", ""-0.00133887"", ""0.02760964"", ""0.33066190"", ""0.00519063"", ""-0.19672089"", ""-0.19206931"", ""-0.05188143"", ""0.11862413""]",5,QM9_xyz_files/mol_2671.xyz,E_exc_SS/mol_2671.dat,E_exc_ST/mol_2671.dat,osc_stren/mol_2671.dat,trans_dip_mom/mol_2671.dat,5.971241609212717,"[5.971241609212717, 6.355778832397398, 6.467129501251608]",geometry_matched_to_qm9_mol_2671; qm9_source=qm9randdiv60_2614_C5H5NO; generated=2026-07-15
qm9randdiv60_812_C3HF3,candidate,C3HF3,812,826,def2-tzvp,0,0,Angstrom,"F  0.015865583000  0.060811846400 -0.023692013800
C -0.021206771700  1.397890434500  0.017263775300
F  1.240270083600  1.842505428900 -0.026128578000
F -0.642161093200  1.822861927300 -1.089412993600
C -0.706010370500  1.869850180800  1.220992204800
C -1.266763303400  2.255680100600  2.206575004500
H -1.764462457700  2.598331991500  3.081448420900",QM9 qsGW input / source EOM CSV retained separately,QM9 qsGW-BSE singlet-singlet,6.81061722,0.2502855664328438,"[6.81061722, 7.25033413, 7.25035644, 9.3508806, 9.35177014]","[0.2502855664328438, 0.26644486482451724, 0.266445684701895, 0.34363852379548204, 0.3436712137875302]","[5.12245326, 6.02952596, 6.02955671, 6.81029286, 8.97986051]","[1e-08, 0.00010708, 0.00010218, 0.09246791, 0.09311131]","[""-0.00012747"", ""0.00040294"", ""0.00044669"", ""0.05406385"", ""-0.00014071"", ""0.03117103"", ""-0.01072923"", ""-0.05751933"", ""0.01711438"", ""0.22462560"", ""-1.44093134"", ""0.69346145"", ""1.41433312"", ""0.51094947"", ""0.60341962""]",5,QM9_xyz_files/mol_826.xyz,E_exc_SS/mol_826.dat,E_exc_ST/mol_826.dat,osc_stren/mol_826.dat,trans_dip_mom/mol_826.dat,7.5484463407679305,"[7.5484463407679305, 7.908204702819371, 7.908222816248231]",geometry_matched_to_qm9_mol_826; qm9_source=qm9randdiv60_812_C3HF3; generated=2026-07-15
qm9randdiv60_2444_C3H3NO3,candidate,C3H3NO3,2444,2501,def2-tzvp,0,0,Angstrom,"O -0.219424288000 -0.047705963600  0.003304669400
C -0.115703987200  1.141360504800  0.008386396600
N  1.130042110400  1.846713120400  0.001256990100
C  1.098680674700  3.253431187800  0.009056972000
O  0.096008251400  3.913456725500  0.021429529800
C  2.397042477600  1.213334232300 -0.013378150900
O  2.591416418800  0.035781060000 -0.022460212000
H -0.950350557800  1.857051482200  0.018728410800
H  2.114251477700  3.688313510600  0.002633396800
H  3.206602912400  1.968886670000 -0.016546822600",QM9 qsGW input / source EOM CSV retained separately,QM9 qsGW-BSE singlet-singlet,4.70610959,0.1729463375168496,"[4.70610959, 5.21609531, 5.40135814, 6.91580207, 7.16063447]","[0.1729463375168496, 0.191687967046113, 0.1984962504729566, 0.2541510383734917, 0.2631484631201305]","[4.071543, 4.59727678, 4.76614692, 5.15665336, 5.30013744]","[0.00221199, 2e-08, 0.00033544, 0.12415038, 5.508e-05]","[""-0.00324190"", ""0.00250410"", ""-0.35203408"", ""-0.00051201"", ""0.00040101"", ""0.00090931"", ""-0.00117416"", ""-0.00009206"", ""-0.12796576"", ""1.19708357"", ""1.81681554"", ""-0.00166233"", ""-0.00195948"", ""0.00041031"", ""-0.04499103""]",5,QM9_xyz_files/mol_2501.xyz,E_exc_SS/mol_2501.dat,E_exc_ST/mol_2501.dat,osc_stren/mol_2501.dat,trans_dip_mom/mol_2501.dat,4.747932306316305,"[4.747932306316305, 5.252403743018821, 5.408135037535748]",geometry_matched_to_qm9_mol_2501; qm9_source=qm9randdiv60_2444_C3H3NO3; generated=2026-07-15
qm9randdiv60_51296_C8H3N,candidate,C8H3N,51296,52465,def2-tzvp,0,0,Angstrom,"C -0.018176293600  1.481736338600  0.010218105700
C  0.001617436600  0.033549712200  0.002194207100
C  0.018162134500 -1.180002878300 -0.004501325400
C  0.036709249300 -2.526834265600 -0.011929556200
C  0.053331317400 -3.748528279300 -0.018655939700
C  0.071254413100 -5.089939721500 -0.026042313900
C  0.087569853000 -6.309136336700 -0.032756463600
C  0.105813073400 -7.665821684600 -0.040059943100
N  0.121461825700 -8.830190315400 -0.046344670200
H  0.999536046000  1.887597533600  0.002705149600
H -0.543520925400  1.871336999900 -0.868834409300
H -0.526599719800  1.861757607200  0.903306659000",QM9 qsGW input / source EOM CSV retained separately,QM9 qsGW-BSE singlet-singlet,3.56986738,0.13119020647198137,"[3.56986738, 3.78465104, 3.78468206, 5.3950606, 5.69743422]","[0.13119020647198137, 0.13908336039138772, 0.13908450035536163, 0.19826482014658253, 0.2093768457253816]","[2.51370233, 3.12360014, 3.12364885, 3.56987173, 4.28467929]","[0.0, 3.178e-05, 3.186e-05, 3.7e-07, 0.00012991]","[""0.00021483"", ""0.00036761"", ""-0.00041283"", ""-0.03269807"", ""-0.00266708"", ""-0.03373152"", ""-0.03365455"", ""-0.00248497"", ""0.03287759"", ""0.00018250"", ""0.00421417"", ""-0.00065219"", ""-0.02311235"", ""-0.00599537"", ""-0.07377350""]",5,QM9_xyz_files/mol_52465.xyz,E_exc_SS/mol_52465.dat,E_exc_ST/mol_52465.dat,osc_stren/mol_52465.dat,trans_dip_mom/mol_52465.dat,4.203176184156829,"[4.203176184156829, 4.388106817654215, 4.388112954705533]",geometry_matched_to_qm9_mol_52465; qm9_source=qm9randdiv60_51296_C8H3N; generated=2026-07-15
qm9randdiv60_24_C2N2,candidate,C2N2,24,25,def2-tzvp,0,0,Angstrom,"N  0.017457342200 -1.161342174900 -0.004153423600
C  0.002532123600 -0.003442779300  0.001799391500
C -0.016114193200  1.372209865300  0.009348729400
N -0.032643022600  2.530082758900  0.016090902700",QM9 qsGW input / source EOM CSV retained separately,QM9 qsGW-BSE singlet-singlet,5.99420801,0.22028308134738178,"[5.99420801, 6.41115169, 6.41124203, 8.26903887, 9.8099995]","[0.22028308134738178, 0.23560547897280495, 0.23560879890657033, 0.3038815735166441, 0.3605108321685144]","[4.41166564, 5.25823869, 5.25825121, 5.99420801, 6.89382506]","[0.0, 0.0, 0.0, 0.04180606, 1.51723253]","[""-0.00000653"", ""-0.00000010"", ""0.00001271"", ""-0.00002084"", ""-0.00001251"", ""0.00002567"", ""-0.00001695"", ""0.00004420"", ""-0.00002255"", ""-0.89268302"", ""-0.00816737"", ""-0.73228297"", ""-0.08669995"", ""6.38555495"", ""0.03495951""]",5,QM9_xyz_files/mol_25.xyz,E_exc_SS/mol_25.dat,E_exc_ST/mol_25.dat,osc_stren/mol_25.dat,trans_dip_mom/mol_25.dat,6.844497251535887,"[6.844497251535887, 7.129208474242515, 7.129209726052053]",geometry_matched_to_qm9_mol_25; qm9_source=qm9randdiv60_24_C2N2; generated=2026-07-15
qm9randdiv60_13_C2H6O,candidate,C2H6O,13,14,def2-tzvp,0,0,Angstrom,"C -0.008605039600  1.502038288300 -0.006812174800
C  0.010993100600 -0.017648768700 -0.013770355000
O  0.680888409500 -0.440418031400 -1.193132098700
H  1.011533341700  1.896620303000 -0.019201547500
H -0.531598620400  1.880761092300 -0.889746586800
H -0.516745715800  1.876117708000  0.887107386400
H  0.523771208300 -0.389122954700  0.888240818300
H -1.020275440600 -0.405072610800  0.016906703300
H  0.695295726300 -1.401795676100 -1.201484945200",QM9 qsGW input / source EOM CSV retained separately,QM9 qsGW-BSE singlet-singlet,7.50783479,0.27590783953930104,"[7.50783479, 9.02833571, 9.46380328, 9.97241591, 10.07171984]","[0.27590783953930104, 0.33178521771676084, 0.34778835574374045, 0.3664795251462177, 0.37012887726309635]","[7.10184832, 8.56631553, 8.93576498, 9.46016049, 9.65687388]","[0.00272345, 0.02599095, 0.00144471, 0.07125201, 0.0804809]","[""0.26932410"", ""0.00262085"", ""0.15203172"", ""0.75877406"", ""0.00802005"", ""0.42817909"", ""0.00041507"", ""-0.20061210"", ""0.00311705"", ""1.19516480"", ""0.01242112"", ""0.67492715"", ""-0.63220423"", ""-0.65707485"", ""1.12947996""]",5,QM9_xyz_files/mol_14.xyz,E_exc_SS/mol_14.dat,E_exc_ST/mol_14.dat,osc_stren/mol_14.dat,trans_dip_mom/mol_14.dat,7.864612988019666,"[7.864612988019666, 9.671993441911733, 10.036948217796589]",geometry_matched_to_qm9_mol_14; qm9_source=qm9randdiv60_13_C2H6O; generated=2026-07-15
qm9randdiv60_139_C3H4N2,candidate,C3H4N2,139,143,def2-tzvp,0,0,Angstrom,"N  0.040317317400 -1.134013969100 -0.008469914700
C  0.011555770300  0.022239350000  0.017486371400
C -0.006710904700  1.462628934300  0.034046861600
C  0.510939706100  2.173175560200  1.243558208200
N  1.268089053000  2.208834848500 -0.006575494400
H -0.807244236900  1.910006364400 -0.546779749900
H  0.045831376300  3.111775763200  1.528282701700
H  0.870789121900  1.562453553400  2.065882857400
H  2.049578466700  1.558623555100  0.031780028700",QM9 qsGW input / source EOM CSV retained separately,QM9 qsGW-BSE singlet-singlet,7.24678848,0.26631456459034514,"[7.24678848, 7.8276052, 7.88790975, 8.31746673, 8.36370352]","[0.26631456459034514, 0.28765918535863233, 0.28987533669524024, 0.3056612645460616, 0.3073604352381397]","[5.98018244, 6.74993471, 6.87835347, 7.32377307, 7.70178622]","[0.02204115, 0.07210314, 0.03418885, 0.01544713, 0.00840999]","[""0.39532969"", ""0.76769806"", ""-0.23747360"", ""0.48017276"", ""1.29000961"", ""0.73098360"", ""0.17982027"", ""1.04941191"", ""0.09672661"", ""0.56285367"", ""0.36073332"", ""0.20689487"", ""-0.15285329"", ""0.25827141"", ""-0.41843675""]",5,QM9_xyz_files/mol_143.xyz,E_exc_SS/mol_143.dat,E_exc_ST/mol_143.dat,osc_stren/mol_143.dat,trans_dip_mom/mol_143.dat,7.566950293235938,"[7.566950293235938, 8.084974932783485, 8.418433598320652]",geometry_matched_to_qm9_mol_143; qm9_source=qm9randdiv60_139_C3H4N2; generated=2026-07-15
qm9randdiv60_32325_C9H4,candidate,C9H4,32325,33367,def2-tzvp,0,0,Angstrom,"C -0.086029179800 -3.819287771800 -0.017624824400
C -0.049416258800 -2.612705142600 -0.011487018300
C -0.009472474200 -1.252419924400 -0.004552904600
C  0.026201102800 -0.044456723900  0.001602513300
C  0.056547229200  1.416722430600  0.009169604100
C  1.409212415000  1.970107883500 -0.000799138800
C  2.523760609900  2.437228381100 -0.008943413100
C  3.779261915600  2.962254187600 -0.018100487200
C  4.892358449400  3.429344163600 -0.026210235700
H -0.116813877300 -4.880614566000 -0.023035531200
H -0.500332369000  1.797975515000 -0.859248396800
H -0.483575075900  1.788558785000  0.892134129500
H  5.871949153100  3.838908692400 -0.033357097000",QM9 qsGW input / source EOM CSV retained separately,QM9 qsGW-BSE singlet-singlet,5.09050191,0.1870724947263771,"[5.09050191, 5.11916585, 5.3876825, 5.41143152, 5.43342595]","[0.1870724947263771, 0.18812587509226072, 0.19799367997263834, 0.1988664403599744, 0.1996747207541143]","[3.7815854, 3.79829184, 4.51014016, 4.51046506, 4.53343666]","[6.79e-06, 5.4e-07, 0.00102065, 4.15e-06, 0.00143668]","[""0.00026185"", ""-0.00049523"", ""-0.01874491"", ""0.00440937"", ""-0.00291483"", ""-0.00009511"", ""0.12666584"", ""0.18413431"", ""0.00241847"", ""-0.01169179"", ""0.00808855"", ""0.00034039"", ""0.21750187"", ""-0.14970023"", ""-0.00290049""]",5,QM9_xyz_files/mol_33367.xyz,E_exc_SS/mol_33367.dat,E_exc_ST/mol_33367.dat,osc_stren/mol_33367.dat,trans_dip_mom/mol_33367.dat,5.658103593046264,"[5.658103593046264, 5.70552816202725, 5.927686442545627]",geometry_matched_to_qm9_mol_33367; qm9_source=qm9randdiv60_32325_C9H4; generated=2026-07-15
qm9randdiv60_2663_C7H16,candidate,C7H16,2663,2720,def2-tzvp,0,0,Angstrom,"C -0.051371847600  1.593648506700 -0.043233181000
C -0.008439998600  0.063467624900 -0.014059699000
C  0.723606062300 -0.496588506400  1.210562499800
C  0.772203917000 -2.027718994200  1.248840807500
C  1.504085190100 -2.586355632400  2.473771299900
C  1.553411302700 -4.117779865300  2.513268227700
C  2.286503869200 -4.665951834100  3.740556429300
H  0.959059157600  2.017500490600 -0.057916427000
H -0.580020151500  1.964068554000 -0.927300304000
H -0.561887869800  1.991932597200  0.840842447100
H -1.032353473600 -0.332940288100 -0.035370055300
H  0.477483432800 -0.307557821000 -0.926316831800
H  1.748315916500 -0.099505028600  1.232713633600
H  0.237736610100 -0.125191344000  2.123903344800
H -0.252710390000 -2.424044447700  1.226421571100
H  1.258212657600 -2.398377552800  0.335370030100
H  2.529227100300 -2.190438434000  2.496807769500
H  1.018492014900 -2.216125797400  3.387732835800
H  0.529018203500 -4.512882447400  2.490779937500
H  2.039087119600 -4.487216238500  1.600235305200
H  2.305687875300 -5.760431044500  3.741597451300
H  3.324169380300 -4.314997501800  3.770924678000
H  1.802442431200 -4.340816875100  4.668356959900",QM9 qsGW input / source EOM CSV retained separately,QM9 qsGW-BSE singlet-singlet,9.12772127,0.33543756968080873,"[9.12772127, 9.52715142, 9.8068476, 9.82661914, 9.94989902]","[0.33543756968080873, 0.3501163569498289, 0.3603950019799489, 0.3611215926733178, 0.3656520447012139]","[8.98805059, 9.17738806, 9.31694118, 9.39768148, 9.67270574]","[0.00880734, 0.00023707, 0.0396312, 0.00037548, 1.3e-07]","[""0.15352871"", ""-0.41117833"", ""0.24860379"", ""0.03294700"", ""0.04694650"", ""0.05720418"", ""0.31435867"", ""-0.84140991"", ""0.50878194"", ""0.04068414"", ""0.05879150"", ""0.07045779"", ""0.00073929"", ""-0.00111110"", ""0.00124950""]",5,QM9_xyz_files/mol_2720.xyz,E_exc_SS/mol_2720.dat,E_exc_ST/mol_2720.dat,osc_stren/mol_2720.dat,trans_dip_mom/mol_2720.dat,9.973935290372939,"[9.973935290372939, 10.371624284704843, 10.419510964155373]",geometry_matched_to_qm9_mol_2720; qm9_source=qm9randdiv60_2663_C7H16; generated=2026-07-15
qm9randdiv60_20153_C4H5N3O,candidate,C4H5N3O,20153,20488,def2-tzvp,0,0,Angstrom,"C -0.056494528900  1.534569562000  0.101348269000
O  1.267229070800  1.921805327900 -0.301315215700
C  2.119725213000  0.794758011000 -0.609067962100
C  1.229263780900 -0.380613301400 -0.370672593300
C  0.000023775800  0.047458594800  0.030969510000
N -0.703472505900 -1.084627611900  0.212060938100
N  0.073406211900 -2.171809846400 -0.070640660000
N  1.251522037000 -1.734535417600 -0.425586001700
H -0.261512078000  1.917820136900  1.111183857700
H -0.794272751800  1.977757079000 -0.582713405900
H  2.466466294800  0.880180698300 -1.646958598500
H  2.999036766800  0.820326677700  0.047368907200
H -1.654989996500 -1.234243320400  0.505936055200",QM9 qsGW input / source EOM CSV retained separately,QM9 qsGW-BSE singlet-singlet,5.96864562,0.21934368084169203,"[5.96864562, 6.15839452, 6.66927931, 7.27319388, 7.43288942]","[0.21934368084169203, 0.22631682430026817, 0.24509149404262004, 0.26728494514212214, 0.27315364799159736]","[4.02225527, 4.91692175, 5.21994953, 6.01025702, 6.42864862]","[0.01018749, 0.15000653, 0.00126466, 0.00034386, 0.01788743]","[""-0.20103330"", ""0.02184406"", ""-0.63968564"", ""0.40057042"", ""-2.49335917"", ""-0.21419615"", ""0.06620179"", ""-0.00738091"", ""0.21346283"", ""0.03317419"", ""-0.01512094"", ""0.10553565"", ""-0.25153649"", ""-0.75377353"", ""0.05613268""]",5,QM9_xyz_files/mol_20488.xyz,E_exc_SS/mol_20488.dat,E_exc_ST/mol_20488.dat,osc_stren/mol_20488.dat,trans_dip_mom/mol_20488.dat,6.128122230029535,"[6.128122230029535, 6.564113559071756, 7.440461053267676]",geometry_matched_to_qm9_mol_20488; qm9_source=qm9randdiv60_20153_C4H5N3O; generated=2026-07-15
qm9randdiv60_183_C3H2O3,candidate,C3H2O3,183,189,def2-tzvp,0,0,Angstrom,"O  0.002032296000  0.003097628300  0.003197415600
C -0.014087636500  1.189578790700  0.009530242400
O -1.132130105000  1.982307956700  0.028767663800
C -0.706892820000  3.295497382700  0.029907490700
C  0.621250411100  3.313637351600  0.012178107500
O  1.082003083900  2.012547428200 -0.000834825400
H -1.462099368400  4.060744855500  0.044063546900
H  1.355391518900  4.099222966300  0.006451218400",QM9 qsGW input / source EOM CSV retained separately,QM9 qsGW-BSE singlet-singlet,6.98929761,0.25685194965142544,"[6.98929761, 7.2408232, 7.55551705, 7.69746396, 8.46105312]","[0.25685194965142544, 0.26609534459375717, 0.27766013027410436, 0.2828765830015331, 0.3109379670522109]","[4.01471091, 5.9032071, 6.93891244, 7.36812357, 8.25512051]","[0.15732709, 0.02374391, 0.16879439, 0.01371777, 0.0]","[""2.43590077"", ""0.03323493"", ""-0.03247274"", ""0.01248682"", ""-0.02790128"", ""0.92939638"", ""-0.03250776"", ""2.42647411"", ""0.04826310"", ""0.01057169"", ""-0.09833599"", ""0.67835010"", ""-0.00004412"", ""0.00016903"", ""-0.00015067""]",5,QM9_xyz_files/mol_189.xyz,E_exc_SS/mol_189.dat,E_exc_ST/mol_189.dat,osc_stren/mol_189.dat,trans_dip_mom/mol_189.dat,7.413555096422677,"[7.413555096422677, 7.624053774458613, 8.089126242896457]",geometry_matched_to_qm9_mol_189; qm9_source=qm9randdiv60_183_C3H2O3; generated=2026-07-15
