exact_electron_count,exact_energy_h,r_angstrom,reference_backend,reference_converged
0.9999962165266894,-0.22359003735620653,0.4,fci_one_electron,1
1.0000162621315627,-0.5566238339645415,1.7999999999999998,fci_one_electron,1
1.0000764755218317,-0.5084733931568369,3.1999999999999997,fci_one_electron,1
1.0000094051783341,-0.5002021944008495,4.6,fci_one_electron,1
0.9999816563517772,-0.49935067460088667,6.0,fci_one_electron,1
