{"sto-3g":{"H":[[0,[3.42525091,0.15432897],[0.62391373,0.53532814],[0.1688554,0.44463454]]],"He":[[0,[6.36242139,0.15432897],[1.158923,0.53532814],[0.31364979,0.44463454]]],"Li":[[0,[16.119575,0.15432897],[2.9362007,0.53532814],[0.7946505,0.44463454]],[0,[0.6362897,-0.09996723],[0.1478601,0.39951283],[0.0480887,0.70011547]],[1,[0.6362897,0.15591627],[0.1478601,0.60768372],[0.0480887,0.39195739]]],"Be":[[0,[30.167871,0.15432897],[5.4951153,0.53532814],[1.4871927,0.44463454]],[0,[1.3148331,-0.09996723],[0.3055389,0.39951283],[0.0993707,0.70011547]],[1,[1.3148331,0.15591627],[0.3055389,0.60768372],[0.0993707,0.39195739]]],"B":[[0,[48.791113,0.15432897],[8.8873622,0.53532814],[2.405267,0.44463454]],[0,[2.2369561,-0.09996723],[0.5198205,0.39951283],[0.1690618,0.70011547]],[1,[2.2369561,0.15591627],[0.5198205,0.60768372],[0.1690618,0.39195739]]],"C":[[0,[71.616837,0.15432897],[13.045096,0.53532814],[3.5305122,0.44463454]],[0,[2.9412494,-0.09996723],[0.6834831,0.39951283],[0.2222899,0.70011547]],[1,[2.9412494,0.15591627],[0.6834831,0.60768372],[0.2222899,0.39195739]]],"N":[[0,[99.106169,0.15432897],[18.052312,0.53532814],[4.8856602,0.44463454]],[0,[3.7804559,-0.09996723],[0.8784966,0.39951283],[0.2857144,0.70011547]],[1,[3.7804559,0.15591627],[0.8784966,0.60768372],[0.2857144,0.39195739]]],"O":[[0,[130.70932,0.15432897],[23.808861,0.53532814],[6.4436083,0.44463454]],[0,[5.0331513,-0.09996723],[1.1695961,0.39951283],[0.380389,0.70011547]],[1,[5.0331513,0.15591627],[1.1695961,0.60768372],[0.380389,0.39195739]]],"F":[[0,[166.67913,0.15432897],[30.360812,0.53532814],[8.2168207,0.44463454]],[0,[6.4648032,-0.09996723],[1.5022812,0.39951283],[0.4885885,0.70011547]],[1,[6.4648032,0.15591627],[1.5022812,0.60768372],[0.4885885,0.39195739]]],"Ne":[[0,[207.01561,0.15432897],[37.708151,0.53532814],[10.205297,0.44463454]],[0,[8.2463151,-0.09996723],[1.9162662,0.39951283],[0.6232293,0.70011547]],[1,[8.2463151,0.15591627],[1.9162662,0.60768372],[0.6232293,0.39195739]]]},"6-31g":{"H":[[0,[18.731137,0.0334946],[2.8253937,0.23472695],[0.6401217,0.81375733]],[0,[0.1612778,1.0]]],"He":[[0,[38.421634,0.023766],[5.77803,0.154679],[1.241774,0.46963]],[0,[0.297964,1.0]]],"Li":[[0,[642.41892,0.0021426],[96.798515,0.0162089],[22.091121,0.0773156],[6.2010703,0.245786],[1.9351177,0.470189],[0.6367358,0.3454708]],[0,[2.3249184,-0.0350917],[0.6324306,-0.1912328],[0.0790534,1.0839878]],[0,[0.035962,1.0]],[1,[2.3249184,0.0089415],[0.6324306,0.1410095],[0.0790534,0.9453637]],[1,[0.035962,1.0]]],"Be":[[0,[1264.5857,0.0019448],[189.93681,0.0148351],[43.159089,0.0720906],[12.098663,0.2371542],[3.8063232,0.4691987],[1.2728903,0.3565202]],[0,[3.1964631,-0.1126487],[0.7478133,-0.2295064],[0.2199663,1.1869167]],[0,[0.0823099,1.0]],[1,[3.1964631,0.0559802],[0.7478133,0.2615506],[0.2199663,0.7939723]],[1,[0.0823099,1.0]]],"B":[[0,[2068.8823,0.0018663],[310.64957,0.0142515],[70.683033,0.0695516],[19.86108,0.2325729],[6.2993048,0.4670787],[2.127027,0.3634314]],[0,[4.727971,-0.1303938],[1.1903377,-0.1307889],[0.3594117,1.1309444]],[0,[0.1267512,1.0]],[1,[4.727971,0.0745976],[1.1903377,0.3078467],[0.3594117,0.7434568]],[1,[0.1267512,1.0]]],"C":[[0,[3047.5249,0.0018347],[457.36951,0.0140373],[103.94869,0.0688426],[29.210155,0.2321844],[9.286663,0.4679413],[3.163927,0.362312]],[0,[7.8682724,-0.1193324],[1.8812885,-0.1608542],[0.5442493,1.1434564]],[0,[0.1687144,1.0]],[1,[7.8682724,0.0689991],[1.8812885,0.316424],[0.5442493,0.7443083]],[1,[0.1687144,1.0]]],"N":[[0,[4173.511,0.0018348],[627.4579,0.013995],[142.9021,0.068587],[40.23433,0.232241],[12.82021,0.46907],[4.390437,0.360455]],[0,[11.626358,-0.114961],[2.71628,-0.169118],[0.772218,1.145852]],[0,[0.2120313,1.0]],[1,[11.626358,0.06758],[2.71628,0.323907],[0.772218,0.740895]],[1,[0.2120313,1.0]]],"O":[[0,[5484.6717,0.0018311],[825.23495,0.0139501],[188.04696,0.0684451],[52.9645,0.2327143],[16.89757,0.470193],[5.7996353,0.3585209]],[0,[15.539616,-0.1107775],[3.5999336,-0.1480263],[1.0137618,1.130767]],[0,[0.2700058,1.0]],[1,[15.539616,0.0708743],[3.5999336,0.3397528],[1.0137618,0.7271586]],[1,[0.2700058,1.0]]],"F":[[0,[7001.71309,0.0018196169],[1051.36609,0.0139160796],[239.28569,0.0684053245],[67.3974453,0.23318576],[21.5199573,0.471267439],[7.4031013,0.356618546]],[0,[20.8479528,-0.108506975],[4.80830834,-0.146451658],[1.34406986,1.12868858]],[0,[0.358151393,1.0]],[1,[20.8479528,0.0716287243],[4.80830834,0.345912103],[1.34406986,0.722469957]],[1,[0.358151393,1.0]]],"Ne":[[0,[8425.85153,0.0018843481],[1268.5194,0.0143368994],[289.621414,0.0701096233],[81.859004,0.237373266],[26.2515079,0.473007126],[9.09472051,0.348401241]],[0,[26.532131,-0.107118287],[6.10175501,-0.146163821],[1.69627153,1.1277735]],[0,[0.4458187,1.0]],[1,[26.532131,0.0719095885],[6.10175501,0.349513372],[1.69627153,0.719940512]],[1,[0.4458187,1.0]]]},"6-31g*":{"H":[[0,[18.731137,0.0334946],[2.8253937,0.23472695],[0.6401217,0.81375733]],[0,[0.1612778,1.0]]],"He":[[0,[38.421634,0.023766],[5.77803,0.154679],[1.241774,0.46963]],[0,[0.297964,1.0]]],"Li":[[0,[642.41892,0.0021426],[96.798515,0.0162089],[22.091121,0.0773156],[6.2010703,0.245786],[1.9351177,0.470189],[0.6367358,0.3454708]],[0,[2.3249184,-0.0350917],[0.6324306,-0.1912328],[0.0790534,1.0839878]],[0,[0.035962,1.0]],[1,[2.3249184,0.0089415],[0.6324306,0.1410095],[0.0790534,0.9453637]],[1,[0.035962,1.0]],[2,[0.2,1.0]]],"Be":[[0,[1264.5857,0.0019448],[189.93681,0.0148351],[43.159089,0.0720906],[12.098663,0.2371542],[3.8063232,0.4691987],[1.2728903,0.3565202]],[0,[3.1964631,-0.1126487],[0.7478133,-0.2295064],[0.2199663,1.1869167]],[0,[0.0823099,1.0]],[1,[3.1964631,0.0559802],[0.7478133,0.2615506],[0.2199663,0.7939723]],[1,[0.0823099,1.0]],[2,[0.4,1.0]]],"B":[[0,[2068.8823,0.0018663],[310.64957,0.0142515],[70.683033,0.0695516],[19.86108,0.2325729],[6.2993048,0.4670787],[2.127027,0.3634314]],[0,[4.727971,-0.1303938],[1.1903377,-0.1307889],[0.3594117,1.1309444]],[0,[0.1267512,1.0]],[1,[4.727971,0.0745976],[1.1903377,0.3078467],[0.3594117,0.7434568]],[1,[0.1267512,1.0]],[2,[0.6,1.0]]],"C":[[0,[3047.5249,0.0018347],[457.36951,0.0140373],[103.94869,0.0688426],[29.210155,0.2321844],[9.286663,0.4679413],[3.163927,0.362312]],[0,[7.8682724,-0.1193324],[1.8812885,-0.1608542],[0.5442493,1.1434564]],[0,[0.1687144,1.0]],[1,[7.8682724,0.0689991],[1.8812885,0.316424],[0.5442493,0.7443083]],[1,[0.1687144,1.0]],[2,[0.8,1.0]]],"N":[[0,[4173.511,0.0018348],[627.4579,0.013995],[142.9021,0.068587],[40.23433,0.232241],[12.82021,0.46907],[4.390437,0.360455]],[0,[11.626358,-0.114961],[2.71628,-0.169118],[0.772218,1.145852]],[0,[0.2120313,1.0]],[1,[11.626358,0.06758],[2.71628,0.323907],[0.772218,0.740895]],[1,[0.2120313,1.0]],[2,[0.8,1.0]]],"O":[[0,[5484.6717,0.0018311],[825.23495,0.0139501],[188.04696,0.0684451],[52.9645,0.2327143],[16.89757,0.470193],[5.7996353,0.3585209]],[0,[15.539616,-0.1107775],[3.5999336,-0.1480263],[1.0137618,1.130767]],[0,[0.2700058,1.0]],[1,[15.539616,0.0708743],[3.5999336,0.3397528],[1.0137618,0.7271586]],[1,[0.2700058,1.0]],[2,[0.8,1.0]]],"F":[[0,[7001.71309,0.0018196169],[1051.36609,0.0139160796],[239.28569,0.0684053245],[67.3974453,0.23318576],[21.5199573,0.471267439],[7.4031013,0.356618546]],[0,[20.8479528,-0.108506975],[4.80830834,-0.146451658],[1.34406986,1.12868858]],[0,[0.358151393,1.0]],[1,[20.8479528,0.0716287243],[4.80830834,0.345912103],[1.34406986,0.722469957]],[1,[0.358151393,1.0]],[2,[0.8,1.0]]],"Ne":[[0,[8425.85153,0.0018843481],[1268.5194,0.0143368994],[289.621414,0.0701096233],[81.859004,0.237373266],[26.2515079,0.473007126],[9.09472051,0.348401241]],[0,[26.532131,-0.107118287],[6.10175501,-0.146163821],[1.69627153,1.1277735]],[0,[0.4458187,1.0]],[1,[26.532131,0.0719095885],[6.10175501,0.349513372],[1.69627153,0.719940512]],[1,[0.4458187,1.0]],[2,[0.8,1.0]]]},"def2-svp":{"H":[[0,[13.010701,0.019682158],[1.9622572,0.13796524],[0.44453796,0.47831935]],[0,[0.12194962,1.0]],[1,[0.8,1.0]]],